{"v":"4.8.0","meta":{"g":"LottieFiles AE 3.5.4","a":"Ision Industries","k":"","d":"","tc":""},"fr":60,"ip":0,"op":120,"w":256,"h":256,"nm":"Quad Sliding Cubes v2 (Split) [Lottie Render]","ddd":0,"assets":[],"layers":[{"ddd":0,"ind":1,"ty":4,"nm":"Cube_t_2","sr":1,"ks":{"o":{"a":0,"k":100,"ix":11},"r":{"a":0,"k":0,"ix":10},"p":{"a":0,"k":[162.641,148,0],"ix":2},"a":{"a":0,"k":[128,128,0],"ix":1},"s":{"a":0,"k":[100,100,100],"ix":6}},"ao":0,"shapes":[{"ty":"gr","it":[{"ind":0,"ty":"sh","ix":1,"ks":{"a":1,"k":[{"i":{"x":0.2,"y":1},"o":{"x":0.8,"y":0},"t":90,"s":[{"i":[[93.362,208],[58.721,188],[58.721,148],[93.362,168.001]],"o":[[93.362,208],[58.721,188],[58.721,148],[93.362,168.001]],"v":[[93.362,208],[58.721,188],[58.721,148],[93.362,168.001]],"c":true}]},{"i":{"x":0.2,"y":1},"o":{"x":0.8,"y":0},"t":105,"s":[{"i":[[93.362,208],[58.721,188],[58.72,88],[93.361,108]],"o":[[93.362,208],[58.721,188],[58.72,88],[93.361,108]],"v":[[93.362,208],[58.721,188],[58.72,88],[93.361,108]],"c":true}]},{"t":119,"s":[{"i":[[93.364,148.001],[58.723,128],[58.72,88],[93.361,108]],"o":[[93.364,148.001],[58.723,128],[58.72,88],[93.361,108]],"v":[[93.364,148.001],[58.723,128],[58.72,88],[93.361,108]],"c":true}]}],"ix":2},"nm":"Path 1","mn":"ADBE Vector Shape - Group","hd":false,"_render":true},{"ty":"st","c":{"a":0,"k":[0.3647,0.4392,0.9451,1],"ix":3},"o":{"a":0,"k":100,"ix":4},"w":{"a":0,"k":4,"ix":5},"lc":2,"lj":2,"bm":0,"nm":"Stroke 1","mn":"ADBE Vector Graphic - Stroke","hd":false,"_render":true},{"ty":"fl","c":{"a":0,"k":[1,1,1,1],"ix":4},"o":{"a":0,"k":100,"ix":5},"r":1,"bm":0,"nm":"Fill 1","mn":"ADBE Vector Graphic - Fill","hd":false,"_render":true},{"ty":"tr","p":{"a":0,"k":[0,0],"ix":2},"a":{"a":0,"k":[0,0],"ix":1},"s":{"a":0,"k":[100,100],"ix":3},"r":{"a":0,"k":0,"ix":6},"o":{"a":0,"k":100,"ix":7},"sk":{"a":0,"k":0,"ix":4},"sa":{"a":0,"k":0,"ix":5},"nm":"Transform","_render":true}],"nm":"Group 1","np":3,"cix":2,"bm":0,"ix":1,"mn":"ADBE Vector Group","hd":false,"_render":true},{"ty":"gr","it":[{"ind":0,"ty":"sh","ix":1,"ks":{"a":1,"k":[{"i":{"x":0.2,"y":1},"o":{"x":0.8,"y":0},"t":90,"s":[{"i":[[128.005,188],[93.362,208],[93.362,168.001],[128.005,148]],"o":[[128.005,188],[93.362,208],[93.362,168.001],[128.005,148]],"v":[[128.005,188],[93.362,208],[93.362,168.001],[128.005,148]],"c":true}]},{"i":{"x":0.2,"y":1},"o":{"x":0.8,"y":0},"t":105,"s":[{"i":[[128.005,188],[93.362,208],[93.361,108],[128.005,88]],"o":[[128.005,188],[93.362,208],[93.361,108],[128.005,88]],"v":[[128.005,188],[93.362,208],[93.361,108],[128.005,88]],"c":true}]},{"t":119,"s":[{"i":[[128.008,128],[93.364,148.001],[93.361,108],[128.005,88]],"o":[[128.008,128],[93.364,148.001],[93.361,108],[128.005,88]],"v":[[128.008,128],[93.364,148.001],[93.361,108],[128.005,88]],"c":true}]}],"ix":2},"nm":"Path 1","mn":"ADBE Vector Shape - Group","hd":false,"_render":true},{"ty":"st","c":{"a":0,"k":[0.3647,0.4392,0.9451,1],"ix":3},"o":{"a":0,"k":100,"ix":4},"w":{"a":0,"k":4,"ix":5},"lc":2,"lj":2,"bm":0,"nm":"Stroke 1","mn":"ADBE Vector Graphic - Stroke","hd":false,"_render":true},{"ty":"fl","c":{"a":0,"k":[1,1,1,1],"ix":4},"o":{"a":0,"k":100,"ix":5},"r":1,"bm":0,"nm":"Fill 1","mn":"ADBE Vector Graphic - Fill","hd":false,"_render":true},{"ty":"tr","p":{"a":0,"k":[0,0],"ix":2},"a":{"a":0,"k":[0,0],"ix":1},"s":{"a":0,"k":[100,100],"ix":3},"r":{"a":0,"k":0,"ix":6},"o":{"a":0,"k":100,"ix":7},"sk":{"a":0,"k":0,"ix":4},"sa":{"a":0,"k":0,"ix":5},"nm":"Transform","_render":true}],"nm":"Group 2","np":3,"cix":2,"bm":0,"ix":2,"mn":"ADBE Vector Group","hd":false,"_render":true},{"ty":"gr","it":[{"ind":0,"ty":"sh","ix":1,"ks":{"a":1,"k":[{"i":{"x":0.2,"y":1},"o":{"x":0.8,"y":0},"t":90,"s":[{"i":[[93.362,168],[58.721,148],[93.364,128],[128.005,148]],"o":[[93.362,168],[58.721,148],[93.364,128],[128.005,148]],"v":[[93.362,168],[58.721,148],[93.364,128],[128.005,148]],"c":true}]},{"i":{"x":0.2,"y":1},"o":{"x":0.8,"y":0},"t":105,"s":[{"i":[[93.361,108],[58.72,88],[93.363,68],[128.005,88]],"o":[[93.361,108],[58.72,88],[93.363,68],[128.005,88]],"v":[[93.361,108],[58.72,88],[93.363,68],[128.005,88]],"c":true}]},{"t":119,"s":[{"i":[[93.361,108],[58.72,88],[93.363,68],[128.005,88]],"o":[[93.361,108],[58.72,88],[93.363,68],[128.005,88]],"v":[[93.361,108],[58.72,88],[93.363,68],[128.005,88]],"c":true}]}],"ix":2},"nm":"Path 1","mn":"ADBE Vector Shape - Group","hd":false,"_render":true},{"ty":"st","c":{"a":0,"k":[0.3647,0.4392,0.9451,1],"ix":3},"o":{"a":0,"k":100,"ix":4},"w":{"a":0,"k":4,"ix":5},"lc":2,"lj":2,"bm":0,"nm":"Stroke 1","mn":"ADBE Vector Graphic - Stroke","hd":false,"_render":true},{"ty":"fl","c":{"a":0,"k":[1,1,1,1],"ix":4},"o":{"a":0,"k":100,"ix":5},"r":1,"bm":0,"nm":"Fill 1","mn":"ADBE Vector Graphic - Fill","hd":false,"_render":true},{"ty":"tr","p":{"a":0,"k":[0,0],"ix":2},"a":{"a":0,"k":[0,0],"ix":1},"s":{"a":0,"k":[100,100],"ix":3},"r":{"a":0,"k":0,"ix":6},"o":{"a":0,"k":100,"ix":7},"sk":{"a":0,"k":0,"ix":4},"sa":{"a":0,"k":0,"ix":5},"nm":"Transform","_render":true}],"nm":"Group 3","np":3,"cix":2,"bm":0,"ix":3,"mn":"ADBE Vector Group","hd":false,"_render":true}],"ip":90,"op":125,"st":90,"bm":0,"completed":true},{"ddd":0,"ind":2,"ty":4,"nm":"Cube_t_3","sr":1,"ks":{"o":{"a":0,"k":100,"ix":11},"r":{"a":0,"k":0,"ix":10},"p":{"a":0,"k":[93.359,148,0],"ix":2},"a":{"a":0,"k":[128,128,0],"ix":1},"s":{"a":0,"k":[100,100,100],"ix":6}},"ao":0,"shapes":[{"ty":"gr","it":[{"ind":0,"ty":"sh","ix":1,"ks":{"a":1,"k":[{"i":{"x":0.2,"y":1},"o":{"x":0.8,"y":0},"t":90,"s":[{"i":[[214.591,118],[179.949,98],[179.949,58],[214.59,78]],"o":[[214.591,118],[179.949,98],[179.949,58],[214.59,78]],"v":[[214.591,118],[179.949,98],[179.949,58],[214.59,78]],"c":true}]},{"i":{"x":0.2,"y":1},"o":{"x":0.8,"y":0},"t":105,"s":[{"i":[[214.596,178],[179.954,158],[179.949,58],[214.59,78]],"o":[[214.596,178],[179.954,158],[179.949,58],[214.59,78]],"v":[[214.596,178],[179.954,158],[179.949,58],[214.59,78]],"c":true}]},{"t":119,"s":[{"i":[[214.596,178],[179.954,158],[179.952,118],[214.593,138]],"o":[[214.596,178],[179.954,158],[179.952,118],[214.593,138]],"v":[[214.596,178],[179.954,158],[179.952,118],[214.593,138]],"c":true}]}],"ix":2},"nm":"Path 1","mn":"ADBE Vector Shape - Group","hd":false,"_render":true},{"ty":"st","c":{"a":0,"k":[0.3647,0.4392,0.9451,1],"ix":3},"o":{"a":0,"k":100,"ix":4},"w":{"a":0,"k":4,"ix":5},"lc":2,"lj":2,"bm":0,"nm":"Stroke 1","mn":"ADBE Vector Graphic - Stroke","hd":false,"_render":true},{"ty":"fl","c":{"a":0,"k":[1,1,1,1],"ix":4},"o":{"a":0,"k":100,"ix":5},"r":1,"bm":0,"nm":"Fill 1","mn":"ADBE Vector Graphic - Fill","hd":false,"_render":true},{"ty":"tr","p":{"a":0,"k":[0,0],"ix":2},"a":{"a":0,"k":[0,0],"ix":1},"s":{"a":0,"k":[100,100],"ix":3},"r":{"a":0,"k":0,"ix":6},"o":{"a":0,"k":100,"ix":7},"sk":{"a":0,"k":0,"ix":4},"sa":{"a":0,"k":0,"ix":5},"nm":"Transform","_render":true}],"nm":"Group 1","np":3,"cix":2,"bm":0,"ix":1,"mn":"ADBE Vector Group","hd":false,"_render":true},{"ty":"gr","it":[{"ind":0,"ty":"sh","ix":1,"ks":{"a":1,"k":[{"i":{"x":0.2,"y":1},"o":{"x":0.8,"y":0},"t":90,"s":[{"i":[[249.245,98],[214.591,118],[214.59,78],[249.244,58]],"o":[[249.245,98],[214.591,118],[214.59,78],[249.244,58]],"v":[[249.245,98],[214.591,118],[214.59,78],[249.244,58]],"c":true}]},{"i":{"x":0.2,"y":1},"o":{"x":0.8,"y":0},"t":105,"s":[{"i":[[249.25,158],[214.596,178],[214.59,78],[249.244,58]],"o":[[249.25,158],[214.596,178],[214.59,78],[249.244,58]],"v":[[249.25,158],[214.596,178],[214.59,78],[249.244,58]],"c":true}]},{"t":119,"s":[{"i":[[249.25,158],[214.596,178],[214.593,138],[249.247,118]],"o":[[249.25,158],[214.596,178],[214.593,138],[249.247,118]],"v":[[249.25,158],[214.596,178],[214.593,138],[249.247,118]],"c":true}]}],"ix":2},"nm":"Path 1","mn":"ADBE Vector Shape - Group","hd":false,"_render":true},{"ty":"st","c":{"a":0,"k":[0.3647,0.4392,0.9451,1],"ix":3},"o":{"a":0,"k":100,"ix":4},"w":{"a":0,"k":4,"ix":5},"lc":2,"lj":2,"bm":0,"nm":"Stroke 1","mn":"ADBE Vector Graphic - Stroke","hd":false,"_render":true},{"ty":"fl","c":{"a":0,"k":[1,1,1,1],"ix":4},"o":{"a":0,"k":100,"ix":5},"r":1,"bm":0,"nm":"Fill 1","mn":"ADBE Vector Graphic - Fill","hd":false,"_render":true},{"ty":"tr","p":{"a":0,"k":[0,0],"ix":2},"a":{"a":0,"k":[0,0],"ix":1},"s":{"a":0,"k":[100,100],"ix":3},"r":{"a":0,"k":0,"ix":6},"o":{"a":0,"k":100,"ix":7},"sk":{"a":0,"k":0,"ix":4},"sa":{"a":0,"k":0,"ix":5},"nm":"Transform","_render":true}],"nm":"Group 2","np":3,"cix":2,"bm":0,"ix":2,"mn":"ADBE Vector Group","hd":false,"_render":true},{"ty":"gr","it":[{"ind":0,"ty":"sh","ix":1,"ks":{"a":1,"k":[{"i":{"x":0.2,"y":1},"o":{"x":0.8,"y":0},"t":90,"s":[{"i":[[214.59,78],[179.949,58],[214.603,38],[249.244,58]],"o":[[214.59,78],[179.949,58],[214.603,38],[249.244,58]],"v":[[214.59,78],[179.949,58],[214.603,38],[249.244,58]],"c":true}]},{"i":{"x":0.2,"y":1},"o":{"x":0.8,"y":0},"t":105,"s":[{"i":[[214.59,78],[179.949,58],[214.603,38],[249.244,58]],"o":[[214.59,78],[179.949,58],[214.603,38],[249.244,58]],"v":[[214.59,78],[179.949,58],[214.603,38],[249.244,58]],"c":true}]},{"t":119,"s":[{"i":[[214.594,138],[179.952,118],[214.606,98],[249.247,118]],"o":[[214.594,138],[179.952,118],[214.606,98],[249.247,118]],"v":[[214.594,138],[179.952,118],[214.606,98],[249.247,118]],"c":true}]}],"ix":2},"nm":"Path 1","mn":"ADBE Vector Shape - Group","hd":false,"_render":true},{"ty":"st","c":{"a":0,"k":[0.3647,0.4392,0.9451,1],"ix":3},"o":{"a":0,"k":100,"ix":4},"w":{"a":0,"k":4,"ix":5},"lc":2,"lj":2,"bm":0,"nm":"Stroke 1","mn":"ADBE Vector Graphic - Stroke","hd":false,"_render":true},{"ty":"fl","c":{"a":0,"k":[1,1,1,1],"ix":4},"o":{"a":0,"k":100,"ix":5},"r":1,"bm":0,"nm":"Fill 1","mn":"ADBE Vector Graphic - Fill","hd":false,"_render":true},{"ty":"tr","p":{"a":0,"k":[0,0],"ix":2},"a":{"a":0,"k":[0,0],"ix":1},"s":{"a":0,"k":[100,100],"ix":3},"r":{"a":0,"k":0,"ix":6},"o":{"a":0,"k":100,"ix":7},"sk":{"a":0,"k":0,"ix":4},"sa":{"a":0,"k":0,"ix":5},"nm":"Transform","_render":true}],"nm":"Group 3","np":3,"cix":2,"bm":0,"ix":3,"mn":"ADBE Vector Group","hd":false,"_render":true}],"ip":90,"op":125,"st":60,"bm":0,"completed":true},{"ddd":0,"ind":3,"ty":4,"nm":"Cube_t_1","sr":1,"ks":{"o":{"a":0,"k":100,"ix":11},"r":{"a":0,"k":0,"ix":10},"p":{"a":0,"k":[128,128,0],"ix":2},"a":{"a":0,"k":[128,128,0],"ix":1},"s":{"a":0,"k":[100,100,100],"ix":6}},"ao":0,"shapes":[{"ty":"gr","it":[{"ind":0,"ty":"sh","ix":1,"ks":{"a":1,"k":[{"i":{"x":0.2,"y":1},"o":{"x":0.8,"y":0},"t":90,"s":[{"i":[[76.069,138],[41.459,118],[41.437,78.001],[76.048,98]],"o":[[76.069,138],[41.459,118],[41.437,78.001],[76.048,98]],"v":[[76.069,138],[41.459,118],[41.437,78.001],[76.048,98]],"c":true}]},{"i":{"x":0.2,"y":1},"o":{"x":0.8,"y":0},"t":105,"s":[{"i":[[76.069,138],[41.459,118],[41.437,78.001],[76.048,98]],"o":[[76.069,138],[41.459,118],[41.437,78.001],[76.048,98]],"v":[[76.069,138],[41.459,118],[41.437,78.001],[76.048,98]],"c":true}]},{"t":119,"s":[{"i":[[128.02,108.003],[93.409,88.003],[93.387,48.004],[127.998,68.003]],"o":[[128.02,108.003],[93.409,88.003],[93.387,48.004],[127.998,68.003]],"v":[[128.02,108.003],[93.409,88.003],[93.387,48.004],[127.998,68.003]],"c":true}]}],"ix":2},"nm":"Path 1","mn":"ADBE Vector Shape - Group","hd":false,"_render":true},{"ty":"st","c":{"a":0,"k":[0.3647,0.4392,0.9451,1],"ix":3},"o":{"a":0,"k":100,"ix":4},"w":{"a":0,"k":4,"ix":5},"lc":2,"lj":2,"bm":0,"nm":"Stroke 1","mn":"ADBE Vector Graphic - Stroke","hd":false,"_render":true},{"ty":"fl","c":{"a":0,"k":[1,1,1,1],"ix":4},"o":{"a":0,"k":100,"ix":5},"r":1,"bm":0,"nm":"Fill 1","mn":"ADBE Vector Graphic - Fill","hd":false,"_render":true},{"ty":"tr","p":{"a":0,"k":[0,0],"ix":2},"a":{"a":0,"k":[0,0],"ix":1},"s":{"a":0,"k":[100,100],"ix":3},"r":{"a":0,"k":0,"ix":6},"o":{"a":0,"k":100,"ix":7},"sk":{"a":0,"k":0,"ix":4},"sa":{"a":0,"k":0,"ix":5},"nm":"Transform","_render":true}],"nm":"Group 1","np":3,"cix":2,"bm":0,"ix":1,"mn":"ADBE Vector Group","hd":false,"_render":true},{"ty":"gr","it":[{"ind":0,"ty":"sh","ix":1,"ks":{"a":1,"k":[{"i":{"x":0.2,"y":1},"o":{"x":0.8,"y":0},"t":90,"s":[{"i":[[110.71,118],[76.069,138],[76.048,98],[110.689,78]],"o":[[110.71,118],[76.069,138],[76.048,98],[110.689,78]],"v":[[110.71,118],[76.069,138],[76.048,98],[110.689,78]],"c":true}]},{"i":{"x":0.2,"y":1},"o":{"x":0.8,"y":0},"t":105,"s":[{"i":[[162.643,88.002],[76.069,138],[76.048,98],[162.621,48.003]],"o":[[162.643,88.002],[76.069,138],[76.048,98],[162.621,48.003]],"v":[[162.643,88.002],[76.069,138],[76.048,98],[162.621,48.003]],"c":true}]},{"t":119,"s":[{"i":[[162.643,88.002],[128.02,108.003],[127.998,68.003],[162.621,48.003]],"o":[[162.643,88.002],[128.02,108.003],[127.998,68.003],[162.621,48.003]],"v":[[162.643,88.002],[128.02,108.003],[127.998,68.003],[162.621,48.003]],"c":true}]}],"ix":2},"nm":"Path 1","mn":"ADBE Vector Shape - Group","hd":false,"_render":true},{"ty":"st","c":{"a":0,"k":[0.3647,0.4392,0.9451,1],"ix":3},"o":{"a":0,"k":100,"ix":4},"w":{"a":0,"k":4,"ix":5},"lc":2,"lj":2,"bm":0,"nm":"Stroke 1","mn":"ADBE Vector Graphic - Stroke","hd":false,"_render":true},{"ty":"fl","c":{"a":0,"k":[1,1,1,1],"ix":4},"o":{"a":0,"k":100,"ix":5},"r":1,"bm":0,"nm":"Fill 1","mn":"ADBE Vector Graphic - Fill","hd":false,"_render":true},{"ty":"tr","p":{"a":0,"k":[0,0],"ix":2},"a":{"a":0,"k":[0,0],"ix":1},"s":{"a":0,"k":[100,100],"ix":3},"r":{"a":0,"k":0,"ix":6},"o":{"a":0,"k":100,"ix":7},"sk":{"a":0,"k":0,"ix":4},"sa":{"a":0,"k":0,"ix":5},"nm":"Transform","_render":true}],"nm":"Group 2","np":3,"cix":2,"bm":0,"ix":2,"mn":"ADBE Vector Group","hd":false,"_render":true},{"ty":"gr","it":[{"ind":0,"ty":"sh","ix":1,"ks":{"a":1,"k":[{"i":{"x":0.2,"y":1},"o":{"x":0.8,"y":0},"t":90,"s":[{"i":[[76.048,98],[41.437,78.001],[76.078,58.001],[110.689,78]],"o":[[76.048,98],[41.437,78.001],[76.078,58.001],[110.689,78]],"v":[[76.048,98],[41.437,78.001],[76.078,58.001],[110.689,78]],"c":true}]},{"i":{"x":0.2,"y":1},"o":{"x":0.8,"y":0},"t":105,"s":[{"i":[[76.048,98],[41.437,78.001],[128.011,28.003],[162.621,48.003]],"o":[[76.048,98],[41.437,78.001],[128.011,28.003],[162.621,48.003]],"v":[[76.048,98],[41.437,78.001],[128.011,28.003],[162.621,48.003]],"c":true}]},{"t":119,"s":[{"i":[[127.998,68.003],[93.387,48.004],[128.011,28.003],[162.621,48.003]],"o":[[127.998,68.003],[93.387,48.004],[128.011,28.003],[162.621,48.003]],"v":[[127.998,68.003],[93.387,48.004],[128.011,28.003],[162.621,48.003]],"c":true}]}],"ix":2},"nm":"Path 1","mn":"ADBE Vector Shape - Group","hd":false,"_render":true},{"ty":"st","c":{"a":0,"k":[0.3647,0.4392,0.9451,1],"ix":3},"o":{"a":0,"k":100,"ix":4},"w":{"a":0,"k":4,"ix":5},"lc":2,"lj":2,"bm":0,"nm":"Stroke 1","mn":"ADBE Vector Graphic - Stroke","hd":false,"_render":true},{"ty":"fl","c":{"a":0,"k":[1,1,1,1],"ix":4},"o":{"a":0,"k":100,"ix":5},"r":1,"bm":0,"nm":"Fill 1","mn":"ADBE Vector Graphic - Fill","hd":false,"_render":true},{"ty":"tr","p":{"a":0,"k":[0,0],"ix":2},"a":{"a":0,"k":[0,0],"ix":1},"s":{"a":0,"k":[100,100],"ix":3},"r":{"a":0,"k":0,"ix":6},"o":{"a":0,"k":100,"ix":7},"sk":{"a":0,"k":0,"ix":4},"sa":{"a":0,"k":0,"ix":5},"nm":"Transform","_render":true}],"nm":"Group 3","np":3,"cix":2,"bm":0,"ix":3,"mn":"ADBE Vector Group","hd":false,"_render":true}],"ip":90,"op":125,"st":60,"bm":0,"completed":true},{"ddd":0,"ind":4,"ty":4,"nm":"Cube_t_4","sr":1,"ks":{"o":{"a":0,"k":100,"ix":11},"r":{"a":0,"k":0,"ix":10},"p":{"a":0,"k":[128,88,0],"ix":2},"a":{"a":0,"k":[128,128,0],"ix":1},"s":{"a":0,"k":[100,100,100],"ix":6}},"ao":0,"shapes":[{"ty":"gr","it":[{"ind":0,"ty":"sh","ix":1,"ks":{"a":1,"k":[{"i":{"x":0.2,"y":1},"o":{"x":0.8,"y":0},"t":90,"s":[{"i":[[128.006,207.999],[93.365,187.999],[93.365,148],[128.007,168]],"o":[[128.006,207.999],[93.365,187.999],[93.365,148],[128.007,168]],"v":[[128.006,207.999],[93.365,187.999],[93.365,148],[128.007,168]],"c":true}]},{"i":{"x":0.2,"y":1},"o":{"x":0.8,"y":0},"t":105,"s":[{"i":[[76.047,237.999],[41.406,217.999],[41.406,178],[76.047,198]],"o":[[76.047,237.999],[41.406,217.999],[41.406,178],[76.047,198]],"v":[[76.047,237.999],[41.406,217.999],[41.406,178],[76.047,198]],"c":true}]},{"t":119,"s":[{"i":[[76.047,237.999],[41.406,217.999],[41.406,178],[76.047,198]],"o":[[76.047,237.999],[41.406,217.999],[41.406,178],[76.047,198]],"v":[[76.047,237.999],[41.406,217.999],[41.406,178],[76.047,198]],"c":true}]}],"ix":2},"nm":"Path 1","mn":"ADBE Vector Shape - Group","hd":false,"_render":true},{"ty":"st","c":{"a":0,"k":[0.3647,0.4392,0.9451,1],"ix":3},"o":{"a":0,"k":100,"ix":4},"w":{"a":0,"k":4,"ix":5},"lc":2,"lj":2,"bm":0,"nm":"Stroke 1","mn":"ADBE Vector Graphic - Stroke","hd":false,"_render":true},{"ty":"fl","c":{"a":0,"k":[1,1,1,1],"ix":4},"o":{"a":0,"k":100,"ix":5},"r":1,"bm":0,"nm":"Fill 1","mn":"ADBE Vector Graphic - Fill","hd":false,"_render":true},{"ty":"tr","p":{"a":0,"k":[0,0],"ix":2},"a":{"a":0,"k":[0,0],"ix":1},"s":{"a":0,"k":[100,100],"ix":3},"r":{"a":0,"k":0,"ix":6},"o":{"a":0,"k":100,"ix":7},"sk":{"a":0,"k":0,"ix":4},"sa":{"a":0,"k":0,"ix":5},"nm":"Transform","_render":true}],"nm":"Group 1","np":3,"cix":2,"bm":0,"ix":1,"mn":"ADBE Vector Group","hd":false,"_render":true},{"ty":"gr","it":[{"ind":0,"ty":"sh","ix":1,"ks":{"a":1,"k":[{"i":{"x":0.2,"y":1},"o":{"x":0.8,"y":0},"t":90,"s":[{"i":[[162.648,187.999],[128.006,207.999],[128.007,168],[162.648,148]],"o":[[162.648,187.999],[128.006,207.999],[128.007,168],[162.648,148]],"v":[[162.648,187.999],[128.006,207.999],[128.007,168],[162.648,148]],"c":true}]},{"i":{"x":0.2,"y":1},"o":{"x":0.8,"y":0},"t":105,"s":[{"i":[[162.648,187.999],[76.047,237.999],[76.047,198],[162.648,148]],"o":[[162.648,187.999],[76.047,237.999],[76.047,198],[162.648,148]],"v":[[162.648,187.999],[76.047,237.999],[76.047,198],[162.648,148]],"c":true}]},{"t":119,"s":[{"i":[[110.691,217.999],[76.047,237.999],[76.047,198],[110.691,178]],"o":[[110.691,217.999],[76.047,237.999],[76.047,198],[110.691,178]],"v":[[110.691,217.999],[76.047,237.999],[76.047,198],[110.691,178]],"c":true}]}],"ix":2},"nm":"Path 1","mn":"ADBE Vector Shape - Group","hd":false,"_render":true},{"ty":"st","c":{"a":0,"k":[0.3647,0.4392,0.9451,1],"ix":3},"o":{"a":0,"k":100,"ix":4},"w":{"a":0,"k":4,"ix":5},"lc":2,"lj":2,"bm":0,"nm":"Stroke 1","mn":"ADBE Vector Graphic - Stroke","hd":false,"_render":true},{"ty":"fl","c":{"a":0,"k":[1,1,1,1],"ix":4},"o":{"a":0,"k":100,"ix":5},"r":1,"bm":0,"nm":"Fill 1","mn":"ADBE Vector Graphic - Fill","hd":false,"_render":true},{"ty":"tr","p":{"a":0,"k":[0,0],"ix":2},"a":{"a":0,"k":[0,0],"ix":1},"s":{"a":0,"k":[100,100],"ix":3},"r":{"a":0,"k":0,"ix":6},"o":{"a":0,"k":100,"ix":7},"sk":{"a":0,"k":0,"ix":4},"sa":{"a":0,"k":0,"ix":5},"nm":"Transform","_render":true}],"nm":"Group 2","np":3,"cix":2,"bm":0,"ix":2,"mn":"ADBE Vector Group","hd":false,"_render":true},{"ty":"gr","it":[{"ind":0,"ty":"sh","ix":1,"ks":{"a":1,"k":[{"i":{"x":0.2,"y":1},"o":{"x":0.8,"y":0},"t":90,"s":[{"i":[[128.007,168],[93.366,148],[128.006,128],[162.648,148]],"o":[[128.007,168],[93.366,148],[128.006,128],[162.648,148]],"v":[[128.007,168],[93.366,148],[128.006,128],[162.648,148]],"c":true}]},{"i":{"x":0.2,"y":1},"o":{"x":0.8,"y":0},"t":105,"s":[{"i":[[76.048,198],[41.406,178],[128.006,128],[162.648,148]],"o":[[76.048,198],[41.406,178],[128.006,128],[162.648,148]],"v":[[76.048,198],[41.406,178],[128.006,128],[162.648,148]],"c":true}]},{"t":119,"s":[{"i":[[76.048,198],[41.406,178],[76.05,158],[110.691,178]],"o":[[76.048,198],[41.406,178],[76.05,158],[110.691,178]],"v":[[76.048,198],[41.406,178],[76.05,158],[110.691,178]],"c":true}]}],"ix":2},"nm":"Path 1","mn":"ADBE Vector Shape - Group","hd":false,"_render":true},{"ty":"st","c":{"a":0,"k":[0.3647,0.4392,0.9451,1],"ix":3},"o":{"a":0,"k":100,"ix":4},"w":{"a":0,"k":4,"ix":5},"lc":2,"lj":2,"bm":0,"nm":"Stroke 1","mn":"ADBE Vector Graphic - Stroke","hd":false,"_render":true},{"ty":"fl","c":{"a":0,"k":[1,1,1,1],"ix":4},"o":{"a":0,"k":100,"ix":5},"r":1,"bm":0,"nm":"Fill 1","mn":"ADBE Vector Graphic - Fill","hd":false,"_render":true},{"ty":"tr","p":{"a":0,"k":[0,0],"ix":2},"a":{"a":0,"k":[0,0],"ix":1},"s":{"a":0,"k":[100,100],"ix":3},"r":{"a":0,"k":0,"ix":6},"o":{"a":0,"k":100,"ix":7},"sk":{"a":0,"k":0,"ix":4},"sa":{"a":0,"k":0,"ix":5},"nm":"Transform","_render":true}],"nm":"Group 3","np":3,"cix":2,"bm":0,"ix":3,"mn":"ADBE Vector Group","hd":false,"_render":true}],"ip":90,"op":125,"st":90,"bm":0,"completed":true},{"ddd":0,"ind":5,"ty":4,"nm":"Cube_t_3","sr":1,"ks":{"o":{"a":0,"k":100,"ix":11},"r":{"a":0,"k":0,"ix":10},"p":{"a":0,"k":[93.359,148,0],"ix":2},"a":{"a":0,"k":[128,128,0],"ix":1},"s":{"a":0,"k":[100,100,100],"ix":6}},"ao":0,"shapes":[{"ty":"gr","it":[{"ind":0,"ty":"sh","ix":1,"ks":{"a":1,"k":[{"i":{"x":0.2,"y":1},"o":{"x":0.8,"y":0},"t":60,"s":[{"i":[[162.671,148],[128.029,128],[128.029,88],[162.67,108]],"o":[[162.671,148],[128.029,128],[128.029,88],[162.67,108]],"v":[[162.671,148],[128.029,128],[128.029,88],[162.67,108]],"c":true}]},{"i":{"x":0.2,"y":1},"o":{"x":0.8,"y":0},"t":75,"s":[{"i":[[162.671,148],[128.029,128],[128.029,88],[162.67,108]],"o":[[162.671,148],[128.029,128],[128.029,88],[162.67,108]],"v":[[162.671,148],[128.029,128],[128.029,88],[162.67,108]],"c":true}]},{"t":90,"s":[{"i":[[214.591,118],[179.949,98],[179.949,58],[214.59,78]],"o":[[214.591,118],[179.949,98],[179.949,58],[214.59,78]],"v":[[214.591,118],[179.949,98],[179.949,58],[214.59,78]],"c":true}]}],"ix":2},"nm":"Path 1","mn":"ADBE Vector Shape - Group","hd":false,"_render":true},{"ty":"st","c":{"a":0,"k":[0.3647,0.4392,0.9451,1],"ix":3},"o":{"a":0,"k":100,"ix":4},"w":{"a":0,"k":4,"ix":5},"lc":2,"lj":2,"bm":0,"nm":"Stroke 1","mn":"ADBE Vector Graphic - Stroke","hd":false,"_render":true},{"ty":"fl","c":{"a":0,"k":[1,1,1,1],"ix":4},"o":{"a":0,"k":100,"ix":5},"r":1,"bm":0,"nm":"Fill 1","mn":"ADBE Vector Graphic - Fill","hd":false,"_render":true},{"ty":"tr","p":{"a":0,"k":[0,0],"ix":2},"a":{"a":0,"k":[0,0],"ix":1},"s":{"a":0,"k":[100,100],"ix":3},"r":{"a":0,"k":0,"ix":6},"o":{"a":0,"k":100,"ix":7},"sk":{"a":0,"k":0,"ix":4},"sa":{"a":0,"k":0,"ix":5},"nm":"Transform","_render":true}],"nm":"Group 1","np":3,"cix":2,"bm":0,"ix":1,"mn":"ADBE Vector Group","hd":false,"_render":true},{"ty":"gr","it":[{"ind":0,"ty":"sh","ix":1,"ks":{"a":1,"k":[{"i":{"x":0.2,"y":1},"o":{"x":0.8,"y":0},"t":60,"s":[{"i":[[197.312,128],[162.671,148],[162.67,108],[197.311,88]],"o":[[197.312,128],[162.671,148],[162.67,108],[197.311,88]],"v":[[197.312,128],[162.671,148],[162.67,108],[197.311,88]],"c":true}]},{"i":{"x":0.2,"y":1},"o":{"x":0.8,"y":0},"t":75,"s":[{"i":[[249.245,98],[162.671,148],[162.67,108],[249.244,58]],"o":[[249.245,98],[162.671,148],[162.67,108],[249.244,58]],"v":[[249.245,98],[162.671,148],[162.67,108],[249.244,58]],"c":true}]},{"t":90,"s":[{"i":[[249.245,98],[214.591,118],[214.59,78],[249.244,58]],"o":[[249.245,98],[214.591,118],[214.59,78],[249.244,58]],"v":[[249.245,98],[214.591,118],[214.59,78],[249.244,58]],"c":true}]}],"ix":2},"nm":"Path 1","mn":"ADBE Vector Shape - Group","hd":false,"_render":true},{"ty":"st","c":{"a":0,"k":[0.3647,0.4392,0.9451,1],"ix":3},"o":{"a":0,"k":100,"ix":4},"w":{"a":0,"k":4,"ix":5},"lc":2,"lj":2,"bm":0,"nm":"Stroke 1","mn":"ADBE Vector Graphic - Stroke","hd":false,"_render":true},{"ty":"fl","c":{"a":0,"k":[1,1,1,1],"ix":4},"o":{"a":0,"k":100,"ix":5},"r":1,"bm":0,"nm":"Fill 1","mn":"ADBE Vector Graphic - Fill","hd":false,"_render":true},{"ty":"tr","p":{"a":0,"k":[0,0],"ix":2},"a":{"a":0,"k":[0,0],"ix":1},"s":{"a":0,"k":[100,100],"ix":3},"r":{"a":0,"k":0,"ix":6},"o":{"a":0,"k":100,"ix":7},"sk":{"a":0,"k":0,"ix":4},"sa":{"a":0,"k":0,"ix":5},"nm":"Transform","_render":true}],"nm":"Group 2","np":3,"cix":2,"bm":0,"ix":2,"mn":"ADBE Vector Group","hd":false,"_render":true},{"ty":"gr","it":[{"ind":0,"ty":"sh","ix":1,"ks":{"a":1,"k":[{"i":{"x":0.2,"y":1},"o":{"x":0.8,"y":0},"t":60,"s":[{"i":[[162.67,108],[128.029,88],[162.67,68],[197.311,88]],"o":[[162.67,108],[128.029,88],[162.67,68],[197.311,88]],"v":[[162.67,108],[128.029,88],[162.67,68],[197.311,88]],"c":true}]},{"i":{"x":0.2,"y":1},"o":{"x":0.8,"y":0},"t":75,"s":[{"i":[[162.67,108],[128.029,88],[214.603,38],[249.244,58]],"o":[[162.67,108],[128.029,88],[214.603,38],[249.244,58]],"v":[[162.67,108],[128.029,88],[214.603,38],[249.244,58]],"c":true}]},{"t":90,"s":[{"i":[[214.59,78],[179.949,58],[214.603,38],[249.244,58]],"o":[[214.59,78],[179.949,58],[214.603,38],[249.244,58]],"v":[[214.59,78],[179.949,58],[214.603,38],[249.244,58]],"c":true}]}],"ix":2},"nm":"Path 1","mn":"ADBE Vector Shape - Group","hd":false,"_render":true},{"ty":"st","c":{"a":0,"k":[0.3647,0.4392,0.9451,1],"ix":3},"o":{"a":0,"k":100,"ix":4},"w":{"a":0,"k":4,"ix":5},"lc":2,"lj":2,"bm":0,"nm":"Stroke 1","mn":"ADBE Vector Graphic - Stroke","hd":false,"_render":true},{"ty":"fl","c":{"a":0,"k":[1,1,1,1],"ix":4},"o":{"a":0,"k":100,"ix":5},"r":1,"bm":0,"nm":"Fill 1","mn":"ADBE Vector Graphic - Fill","hd":false,"_render":true},{"ty":"tr","p":{"a":0,"k":[0,0],"ix":2},"a":{"a":0,"k":[0,0],"ix":1},"s":{"a":0,"k":[100,100],"ix":3},"r":{"a":0,"k":0,"ix":6},"o":{"a":0,"k":100,"ix":7},"sk":{"a":0,"k":0,"ix":4},"sa":{"a":0,"k":0,"ix":5},"nm":"Transform","_render":true}],"nm":"Group 3","np":3,"cix":2,"bm":0,"ix":3,"mn":"ADBE Vector Group","hd":false,"_render":true}],"ip":60,"op":90,"st":30,"bm":0,"completed":true},{"ddd":0,"ind":6,"ty":4,"nm":"Cube_t_2","sr":1,"ks":{"o":{"a":0,"k":100,"ix":11},"r":{"a":0,"k":0,"ix":10},"p":{"a":0,"k":[162.641,148,0],"ix":2},"a":{"a":0,"k":[128,128,0],"ix":1},"s":{"a":0,"k":[100,100,100],"ix":6}},"ao":0,"shapes":[{"ty":"gr","it":[{"ind":0,"ty":"sh","ix":1,"ks":{"a":1,"k":[{"i":{"x":0.2,"y":1},"o":{"x":0.8,"y":0},"t":60,"s":[{"i":[[145.317,178],[110.676,158],[110.676,118],[145.317,138]],"o":[[145.317,178],[110.676,158],[110.676,118],[145.317,138]],"v":[[145.317,178],[110.676,158],[110.676,118],[145.317,138]],"c":true}]},{"i":{"x":0.2,"y":1},"o":{"x":0.8,"y":0},"t":75,"s":[{"i":[[93.362,208],[58.721,188],[58.721,148],[93.362,168.001]],"o":[[93.362,208],[58.721,188],[58.721,148],[93.362,168.001]],"v":[[93.362,208],[58.721,188],[58.721,148],[93.362,168.001]],"c":true}]},{"t":90,"s":[{"i":[[93.362,208],[58.721,188],[58.721,148],[93.362,168.001]],"o":[[93.362,208],[58.721,188],[58.721,148],[93.362,168.001]],"v":[[93.362,208],[58.721,188],[58.721,148],[93.362,168.001]],"c":true}]}],"ix":2},"nm":"Path 1","mn":"ADBE Vector Shape - Group","hd":false,"_render":true},{"ty":"st","c":{"a":0,"k":[0.3647,0.4392,0.9451,1],"ix":3},"o":{"a":0,"k":100,"ix":4},"w":{"a":0,"k":4,"ix":5},"lc":2,"lj":2,"bm":0,"nm":"Stroke 1","mn":"ADBE Vector Graphic - Stroke","hd":false,"_render":true},{"ty":"fl","c":{"a":0,"k":[1,1,1,1],"ix":4},"o":{"a":0,"k":100,"ix":5},"r":1,"bm":0,"nm":"Fill 1","mn":"ADBE Vector Graphic - Fill","hd":false,"_render":true},{"ty":"tr","p":{"a":0,"k":[0,0],"ix":2},"a":{"a":0,"k":[0,0],"ix":1},"s":{"a":0,"k":[100,100],"ix":3},"r":{"a":0,"k":0,"ix":6},"o":{"a":0,"k":100,"ix":7},"sk":{"a":0,"k":0,"ix":4},"sa":{"a":0,"k":0,"ix":5},"nm":"Transform","_render":true}],"nm":"Group 1","np":3,"cix":2,"bm":0,"ix":1,"mn":"ADBE Vector Group","hd":false,"_render":true},{"ty":"gr","it":[{"ind":0,"ty":"sh","ix":1,"ks":{"a":1,"k":[{"i":{"x":0.2,"y":1},"o":{"x":0.8,"y":0},"t":60,"s":[{"i":[[179.958,158],[145.317,178],[145.317,138],[179.958,118]],"o":[[179.958,158],[145.317,178],[145.317,138],[179.958,118]],"v":[[179.958,158],[145.317,178],[145.317,138],[179.958,118]],"c":true}]},{"i":{"x":0.2,"y":1},"o":{"x":0.8,"y":0},"t":75,"s":[{"i":[[179.958,158],[93.362,208],[93.362,168.001],[179.958,118]],"o":[[179.958,158],[93.362,208],[93.362,168.001],[179.958,118]],"v":[[179.958,158],[93.362,208],[93.362,168.001],[179.958,118]],"c":true}]},{"t":90,"s":[{"i":[[128.005,188],[93.362,208],[93.362,168.001],[128.005,148]],"o":[[128.005,188],[93.362,208],[93.362,168.001],[128.005,148]],"v":[[128.005,188],[93.362,208],[93.362,168.001],[128.005,148]],"c":true}]}],"ix":2},"nm":"Path 1","mn":"ADBE Vector Shape - Group","hd":false,"_render":true},{"ty":"st","c":{"a":0,"k":[0.3647,0.4392,0.9451,1],"ix":3},"o":{"a":0,"k":100,"ix":4},"w":{"a":0,"k":4,"ix":5},"lc":2,"lj":2,"bm":0,"nm":"Stroke 1","mn":"ADBE Vector Graphic - Stroke","hd":false,"_render":true},{"ty":"fl","c":{"a":0,"k":[1,1,1,1],"ix":4},"o":{"a":0,"k":100,"ix":5},"r":1,"bm":0,"nm":"Fill 1","mn":"ADBE Vector Graphic - Fill","hd":false,"_render":true},{"ty":"tr","p":{"a":0,"k":[0,0],"ix":2},"a":{"a":0,"k":[0,0],"ix":1},"s":{"a":0,"k":[100,100],"ix":3},"r":{"a":0,"k":0,"ix":6},"o":{"a":0,"k":100,"ix":7},"sk":{"a":0,"k":0,"ix":4},"sa":{"a":0,"k":0,"ix":5},"nm":"Transform","_render":true}],"nm":"Group 2","np":3,"cix":2,"bm":0,"ix":2,"mn":"ADBE Vector Group","hd":false,"_render":true},{"ty":"gr","it":[{"ind":0,"ty":"sh","ix":1,"ks":{"a":1,"k":[{"i":{"x":0.2,"y":1},"o":{"x":0.8,"y":0},"t":60,"s":[{"i":[[145.317,138],[110.676,118],[145.317,98],[179.958,118]],"o":[[145.317,138],[110.676,118],[145.317,98],[179.958,118]],"v":[[145.317,138],[110.676,118],[145.317,98],[179.958,118]],"c":true}]},{"i":{"x":0.2,"y":1},"o":{"x":0.8,"y":0},"t":75,"s":[{"i":[[93.362,168],[58.721,148],[145.317,98],[179.958,118]],"o":[[93.362,168],[58.721,148],[145.317,98],[179.958,118]],"v":[[93.362,168],[58.721,148],[145.317,98],[179.958,118]],"c":true}]},{"t":90,"s":[{"i":[[93.362,168],[58.721,148],[93.364,128],[128.005,148]],"o":[[93.362,168],[58.721,148],[93.364,128],[128.005,148]],"v":[[93.362,168],[58.721,148],[93.364,128],[128.005,148]],"c":true}]}],"ix":2},"nm":"Path 1","mn":"ADBE Vector Shape - Group","hd":false,"_render":true},{"ty":"st","c":{"a":0,"k":[0.3647,0.4392,0.9451,1],"ix":3},"o":{"a":0,"k":100,"ix":4},"w":{"a":0,"k":4,"ix":5},"lc":2,"lj":2,"bm":0,"nm":"Stroke 1","mn":"ADBE Vector Graphic - Stroke","hd":false,"_render":true},{"ty":"fl","c":{"a":0,"k":[1,1,1,1],"ix":4},"o":{"a":0,"k":100,"ix":5},"r":1,"bm":0,"nm":"Fill 1","mn":"ADBE Vector Graphic - Fill","hd":false,"_render":true},{"ty":"tr","p":{"a":0,"k":[0,0],"ix":2},"a":{"a":0,"k":[0,0],"ix":1},"s":{"a":0,"k":[100,100],"ix":3},"r":{"a":0,"k":0,"ix":6},"o":{"a":0,"k":100,"ix":7},"sk":{"a":0,"k":0,"ix":4},"sa":{"a":0,"k":0,"ix":5},"nm":"Transform","_render":true}],"nm":"Group 3","np":3,"cix":2,"bm":0,"ix":3,"mn":"ADBE Vector Group","hd":false,"_render":true}],"ip":60,"op":90,"st":60,"bm":0,"completed":true},{"ddd":0,"ind":7,"ty":4,"nm":"Cube_t_1","sr":1,"ks":{"o":{"a":0,"k":100,"ix":11},"r":{"a":0,"k":0,"ix":10},"p":{"a":0,"k":[128,128,0],"ix":2},"a":{"a":0,"k":[128,128,0],"ix":1},"s":{"a":0,"k":[100,100,100],"ix":6}},"ao":0,"shapes":[{"ty":"gr","it":[{"ind":0,"ty":"sh","ix":1,"ks":{"a":1,"k":[{"i":{"x":0.2,"y":1},"o":{"x":0.8,"y":0},"t":60,"s":[{"i":[[75.997,198],[41.386,178],[41.433,138],[76.044,158]],"o":[[75.997,198],[41.386,178],[41.433,138],[76.044,158]],"v":[[75.997,198],[41.386,178],[41.433,138],[76.044,158]],"c":true}]},{"i":{"x":0.2,"y":1},"o":{"x":0.8,"y":0},"t":75,"s":[{"i":[[75.997,198],[41.386,178],[41.437,78.001],[76.048,98]],"o":[[75.997,198],[41.386,178],[41.437,78.001],[76.048,98]],"v":[[75.997,198],[41.386,178],[41.437,78.001],[76.048,98]],"c":true}]},{"t":90,"s":[{"i":[[76.069,138],[41.459,118],[41.437,78.001],[76.048,98]],"o":[[76.069,138],[41.459,118],[41.437,78.001],[76.048,98]],"v":[[76.069,138],[41.459,118],[41.437,78.001],[76.048,98]],"c":true}]}],"ix":2},"nm":"Path 1","mn":"ADBE Vector Shape - Group","hd":false,"_render":true},{"ty":"st","c":{"a":0,"k":[0.3647,0.4392,0.9451,1],"ix":3},"o":{"a":0,"k":100,"ix":4},"w":{"a":0,"k":4,"ix":5},"lc":2,"lj":2,"bm":0,"nm":"Stroke 1","mn":"ADBE Vector Graphic - Stroke","hd":false,"_render":true},{"ty":"fl","c":{"a":0,"k":[1,1,1,1],"ix":4},"o":{"a":0,"k":100,"ix":5},"r":1,"bm":0,"nm":"Fill 1","mn":"ADBE Vector Graphic - Fill","hd":false,"_render":true},{"ty":"tr","p":{"a":0,"k":[0,0],"ix":2},"a":{"a":0,"k":[0,0],"ix":1},"s":{"a":0,"k":[100,100],"ix":3},"r":{"a":0,"k":0,"ix":6},"o":{"a":0,"k":100,"ix":7},"sk":{"a":0,"k":0,"ix":4},"sa":{"a":0,"k":0,"ix":5},"nm":"Transform","_render":true}],"nm":"Group 1","np":3,"cix":2,"bm":0,"ix":1,"mn":"ADBE Vector Group","hd":false,"_render":true},{"ty":"gr","it":[{"ind":0,"ty":"sh","ix":1,"ks":{"a":1,"k":[{"i":{"x":0.2,"y":1},"o":{"x":0.8,"y":0},"t":60,"s":[{"i":[[110.638,178],[75.997,198],[76.044,158],[110.685,138]],"o":[[110.638,178],[75.997,198],[76.044,158],[110.685,138]],"v":[[110.638,178],[75.997,198],[76.044,158],[110.685,138]],"c":true}]},{"i":{"x":0.2,"y":1},"o":{"x":0.8,"y":0},"t":75,"s":[{"i":[[110.638,178],[75.997,198],[76.048,98],[110.689,78]],"o":[[110.638,178],[75.997,198],[76.048,98],[110.689,78]],"v":[[110.638,178],[75.997,198],[76.048,98],[110.689,78]],"c":true}]},{"t":90,"s":[{"i":[[110.71,118],[76.069,138],[76.048,98],[110.689,78]],"o":[[110.71,118],[76.069,138],[76.048,98],[110.689,78]],"v":[[110.71,118],[76.069,138],[76.048,98],[110.689,78]],"c":true}]}],"ix":2},"nm":"Path 1","mn":"ADBE Vector Shape - Group","hd":false,"_render":true},{"ty":"st","c":{"a":0,"k":[0.3647,0.4392,0.9451,1],"ix":3},"o":{"a":0,"k":100,"ix":4},"w":{"a":0,"k":4,"ix":5},"lc":2,"lj":2,"bm":0,"nm":"Stroke 1","mn":"ADBE Vector Graphic - Stroke","hd":false,"_render":true},{"ty":"fl","c":{"a":0,"k":[1,1,1,1],"ix":4},"o":{"a":0,"k":100,"ix":5},"r":1,"bm":0,"nm":"Fill 1","mn":"ADBE Vector Graphic - Fill","hd":false,"_render":true},{"ty":"tr","p":{"a":0,"k":[0,0],"ix":2},"a":{"a":0,"k":[0,0],"ix":1},"s":{"a":0,"k":[100,100],"ix":3},"r":{"a":0,"k":0,"ix":6},"o":{"a":0,"k":100,"ix":7},"sk":{"a":0,"k":0,"ix":4},"sa":{"a":0,"k":0,"ix":5},"nm":"Transform","_render":true}],"nm":"Group 2","np":3,"cix":2,"bm":0,"ix":2,"mn":"ADBE Vector Group","hd":false,"_render":true},{"ty":"gr","it":[{"ind":0,"ty":"sh","ix":1,"ks":{"a":1,"k":[{"i":{"x":0.2,"y":1},"o":{"x":0.8,"y":0},"t":60,"s":[{"i":[[76.044,158],[41.433,138],[76.074,118],[110.685,138]],"o":[[76.044,158],[41.433,138],[76.074,118],[110.685,138]],"v":[[76.044,158],[41.433,138],[76.074,118],[110.685,138]],"c":true}]},{"i":{"x":0.2,"y":1},"o":{"x":0.8,"y":0},"t":75,"s":[{"i":[[76.048,98],[41.437,78.001],[76.078,58.001],[110.689,78]],"o":[[76.048,98],[41.437,78.001],[76.078,58.001],[110.689,78]],"v":[[76.048,98],[41.437,78.001],[76.078,58.001],[110.689,78]],"c":true}]},{"t":90,"s":[{"i":[[76.048,98],[41.437,78.001],[76.078,58.001],[110.689,78]],"o":[[76.048,98],[41.437,78.001],[76.078,58.001],[110.689,78]],"v":[[76.048,98],[41.437,78.001],[76.078,58.001],[110.689,78]],"c":true}]}],"ix":2},"nm":"Path 1","mn":"ADBE Vector Shape - Group","hd":false,"_render":true},{"ty":"st","c":{"a":0,"k":[0.3647,0.4392,0.9451,1],"ix":3},"o":{"a":0,"k":100,"ix":4},"w":{"a":0,"k":4,"ix":5},"lc":2,"lj":2,"bm":0,"nm":"Stroke 1","mn":"ADBE Vector Graphic - Stroke","hd":false,"_render":true},{"ty":"fl","c":{"a":0,"k":[1,1,1,1],"ix":4},"o":{"a":0,"k":100,"ix":5},"r":1,"bm":0,"nm":"Fill 1","mn":"ADBE Vector Graphic - Fill","hd":false,"_render":true},{"ty":"tr","p":{"a":0,"k":[0,0],"ix":2},"a":{"a":0,"k":[0,0],"ix":1},"s":{"a":0,"k":[100,100],"ix":3},"r":{"a":0,"k":0,"ix":6},"o":{"a":0,"k":100,"ix":7},"sk":{"a":0,"k":0,"ix":4},"sa":{"a":0,"k":0,"ix":5},"nm":"Transform","_render":true}],"nm":"Group 3","np":3,"cix":2,"bm":0,"ix":3,"mn":"ADBE Vector Group","hd":false,"_render":true}],"ip":60,"op":90,"st":30,"bm":0,"completed":true},{"ddd":0,"ind":8,"ty":4,"nm":"Cube_t_4","sr":1,"ks":{"o":{"a":0,"k":100,"ix":11},"r":{"a":0,"k":0,"ix":10},"p":{"a":0,"k":[128,88,0],"ix":2},"a":{"a":0,"k":[128,128,0],"ix":1},"s":{"a":0,"k":[100,100,100],"ix":6}},"ao":0,"shapes":[{"ty":"gr","it":[{"ind":0,"ty":"sh","ix":1,"ks":{"a":1,"k":[{"i":{"x":0.2,"y":1},"o":{"x":0.8,"y":0},"t":60,"s":[{"i":[[128.003,148],[93.362,127.999],[93.362,88],[128.003,108]],"o":[[128.003,148],[93.362,127.999],[93.362,88],[128.003,108]],"v":[[128.003,148],[93.362,127.999],[93.362,88],[128.003,108]],"c":true}]},{"i":{"x":0.2,"y":1},"o":{"x":0.8,"y":0},"t":75,"s":[{"i":[[128.006,207.999],[93.365,187.999],[93.362,88],[128.003,108]],"o":[[128.006,207.999],[93.365,187.999],[93.362,88],[128.003,108]],"v":[[128.006,207.999],[93.365,187.999],[93.362,88],[128.003,108]],"c":true}]},{"t":90,"s":[{"i":[[128.006,207.999],[93.365,187.999],[93.365,148],[128.007,168]],"o":[[128.006,207.999],[93.365,187.999],[93.365,148],[128.007,168]],"v":[[128.006,207.999],[93.365,187.999],[93.365,148],[128.007,168]],"c":true}]}],"ix":2},"nm":"Path 1","mn":"ADBE Vector Shape - Group","hd":false,"_render":true},{"ty":"st","c":{"a":0,"k":[0.3647,0.4392,0.9451,1],"ix":3},"o":{"a":0,"k":100,"ix":4},"w":{"a":0,"k":4,"ix":5},"lc":2,"lj":2,"bm":0,"nm":"Stroke 1","mn":"ADBE Vector Graphic - Stroke","hd":false,"_render":true},{"ty":"fl","c":{"a":0,"k":[1,1,1,1],"ix":4},"o":{"a":0,"k":100,"ix":5},"r":1,"bm":0,"nm":"Fill 1","mn":"ADBE Vector Graphic - Fill","hd":false,"_render":true},{"ty":"tr","p":{"a":0,"k":[0,0],"ix":2},"a":{"a":0,"k":[0,0],"ix":1},"s":{"a":0,"k":[100,100],"ix":3},"r":{"a":0,"k":0,"ix":6},"o":{"a":0,"k":100,"ix":7},"sk":{"a":0,"k":0,"ix":4},"sa":{"a":0,"k":0,"ix":5},"nm":"Transform","_render":true}],"nm":"Group 1","np":3,"cix":2,"bm":0,"ix":1,"mn":"ADBE Vector Group","hd":false,"_render":true},{"ty":"gr","it":[{"ind":0,"ty":"sh","ix":1,"ks":{"a":1,"k":[{"i":{"x":0.2,"y":1},"o":{"x":0.8,"y":0},"t":60,"s":[{"i":[[162.644,127.999],[128.003,148],[128.003,108],[162.644,88]],"o":[[162.644,127.999],[128.003,148],[128.003,108],[162.644,88]],"v":[[162.644,127.999],[128.003,148],[128.003,108],[162.644,88]],"c":true}]},{"i":{"x":0.2,"y":1},"o":{"x":0.8,"y":0},"t":75,"s":[{"i":[[162.648,187.999],[128.006,207.999],[128.003,108],[162.644,88]],"o":[[162.648,187.999],[128.006,207.999],[128.003,108],[162.644,88]],"v":[[162.648,187.999],[128.006,207.999],[128.003,108],[162.644,88]],"c":true}]},{"t":90,"s":[{"i":[[162.648,187.999],[128.006,207.999],[128.007,168],[162.648,148]],"o":[[162.648,187.999],[128.006,207.999],[128.007,168],[162.648,148]],"v":[[162.648,187.999],[128.006,207.999],[128.007,168],[162.648,148]],"c":true}]}],"ix":2},"nm":"Path 1","mn":"ADBE Vector Shape - Group","hd":false,"_render":true},{"ty":"st","c":{"a":0,"k":[0.3647,0.4392,0.9451,1],"ix":3},"o":{"a":0,"k":100,"ix":4},"w":{"a":0,"k":4,"ix":5},"lc":2,"lj":2,"bm":0,"nm":"Stroke 1","mn":"ADBE Vector Graphic - Stroke","hd":false,"_render":true},{"ty":"fl","c":{"a":0,"k":[1,1,1,1],"ix":4},"o":{"a":0,"k":100,"ix":5},"r":1,"bm":0,"nm":"Fill 1","mn":"ADBE Vector Graphic - Fill","hd":false,"_render":true},{"ty":"tr","p":{"a":0,"k":[0,0],"ix":2},"a":{"a":0,"k":[0,0],"ix":1},"s":{"a":0,"k":[100,100],"ix":3},"r":{"a":0,"k":0,"ix":6},"o":{"a":0,"k":100,"ix":7},"sk":{"a":0,"k":0,"ix":4},"sa":{"a":0,"k":0,"ix":5},"nm":"Transform","_render":true}],"nm":"Group 2","np":3,"cix":2,"bm":0,"ix":2,"mn":"ADBE Vector Group","hd":false,"_render":true},{"ty":"gr","it":[{"ind":0,"ty":"sh","ix":1,"ks":{"a":1,"k":[{"i":{"x":0.2,"y":1},"o":{"x":0.8,"y":0},"t":60,"s":[{"i":[[128.003,108],[93.362,87.999],[128.003,68],[162.644,88]],"o":[[128.003,108],[93.362,87.999],[128.003,68],[162.644,88]],"v":[[128.003,108],[93.362,87.999],[128.003,68],[162.644,88]],"c":true}]},{"i":{"x":0.2,"y":1},"o":{"x":0.8,"y":0},"t":75,"s":[{"i":[[128.003,108],[93.362,87.999],[128.003,68],[162.644,88]],"o":[[128.003,108],[93.362,87.999],[128.003,68],[162.644,88]],"v":[[128.003,108],[93.362,87.999],[128.003,68],[162.644,88]],"c":true}]},{"t":90,"s":[{"i":[[128.007,168],[93.366,148],[128.006,128],[162.648,148]],"o":[[128.007,168],[93.366,148],[128.006,128],[162.648,148]],"v":[[128.007,168],[93.366,148],[128.006,128],[162.648,148]],"c":true}]}],"ix":2},"nm":"Path 1","mn":"ADBE Vector Shape - Group","hd":false,"_render":true},{"ty":"st","c":{"a":0,"k":[0.3647,0.4392,0.9451,1],"ix":3},"o":{"a":0,"k":100,"ix":4},"w":{"a":0,"k":4,"ix":5},"lc":2,"lj":2,"bm":0,"nm":"Stroke 1","mn":"ADBE Vector Graphic - Stroke","hd":false,"_render":true},{"ty":"fl","c":{"a":0,"k":[1,1,1,1],"ix":4},"o":{"a":0,"k":100,"ix":5},"r":1,"bm":0,"nm":"Fill 1","mn":"ADBE Vector Graphic - Fill","hd":false,"_render":true},{"ty":"tr","p":{"a":0,"k":[0,0],"ix":2},"a":{"a":0,"k":[0,0],"ix":1},"s":{"a":0,"k":[100,100],"ix":3},"r":{"a":0,"k":0,"ix":6},"o":{"a":0,"k":100,"ix":7},"sk":{"a":0,"k":0,"ix":4},"sa":{"a":0,"k":0,"ix":5},"nm":"Transform","_render":true}],"nm":"Group 3","np":3,"cix":2,"bm":0,"ix":3,"mn":"ADBE Vector Group","hd":false,"_render":true}],"ip":60,"op":90,"st":60,"bm":0,"completed":true},{"ddd":0,"ind":9,"ty":4,"nm":"Cube_t_1","sr":1,"ks":{"o":{"a":0,"k":100,"ix":11},"r":{"a":0,"k":0,"ix":10},"p":{"a":0,"k":[128,128,0],"ix":2},"a":{"a":0,"k":[128,128,0],"ix":1},"s":{"a":0,"k":[100,100,100],"ix":6}},"ao":0,"shapes":[{"ty":"gr","it":[{"ind":0,"ty":"sh","ix":1,"ks":{"a":1,"k":[{"i":{"x":0.2,"y":1},"o":{"x":0.8,"y":0},"t":30,"s":[{"i":[[76.003,138],[41.392,118],[41.392,78],[76.003,98]],"o":[[76.003,138],[41.392,118],[41.392,78],[76.003,98]],"v":[[76.003,138],[41.392,118],[41.392,78],[76.003,98]],"c":true}]},{"i":{"x":0.2,"y":1},"o":{"x":0.8,"y":0},"t":45,"s":[{"i":[[127.985,168],[41.421,118],[41.421,78],[127.985,128]],"o":[[127.985,168],[41.421,118],[41.421,78],[127.985,128]],"v":[[127.985,168],[41.421,118],[41.421,78],[127.985,128]],"c":true}]},{"t":60,"s":[{"i":[[128,168],[93.359,148],[93.359,108],[128,128]],"o":[[128,168],[93.359,148],[93.359,108],[128,128]],"v":[[128,168],[93.359,148],[93.359,108],[128,128]],"c":true}]}],"ix":2},"nm":"Path 1","mn":"ADBE Vector Shape - Group","hd":false,"_render":true},{"ty":"st","c":{"a":0,"k":[0.3647,0.4392,0.9451,1],"ix":3},"o":{"a":0,"k":100,"ix":4},"w":{"a":0,"k":4,"ix":5},"lc":2,"lj":2,"bm":0,"nm":"Stroke 1","mn":"ADBE Vector Graphic - Stroke","hd":false,"_render":true},{"ty":"fl","c":{"a":0,"k":[1,1,1,1],"ix":4},"o":{"a":0,"k":100,"ix":5},"r":1,"bm":0,"nm":"Fill 1","mn":"ADBE Vector Graphic - Fill","hd":false,"_render":true},{"ty":"tr","p":{"a":0,"k":[0,0],"ix":2},"a":{"a":0,"k":[0,0],"ix":1},"s":{"a":0,"k":[100,100],"ix":3},"r":{"a":0,"k":0,"ix":6},"o":{"a":0,"k":100,"ix":7},"sk":{"a":0,"k":0,"ix":4},"sa":{"a":0,"k":0,"ix":5},"nm":"Transform","_render":true}],"nm":"Group 1","np":3,"cix":2,"bm":0,"ix":1,"mn":"ADBE Vector Group","hd":false,"_render":true},{"ty":"gr","it":[{"ind":0,"ty":"sh","ix":1,"ks":{"a":1,"k":[{"i":{"x":0.2,"y":1},"o":{"x":0.8,"y":0},"t":30,"s":[{"i":[[110.644,118],[76.003,138],[76.003,98],[110.644,78]],"o":[[110.644,118],[76.003,138],[76.003,98],[110.644,78]],"v":[[110.644,118],[76.003,138],[76.003,98],[110.644,78]],"c":true}]},{"i":{"x":0.2,"y":1},"o":{"x":0.8,"y":0},"t":45,"s":[{"i":[[162.626,148],[127.985,168],[127.985,128],[162.626,108]],"o":[[162.626,148],[127.985,168],[127.985,128],[162.626,108]],"v":[[162.626,148],[127.985,168],[127.985,128],[162.626,108]],"c":true}]},{"t":60,"s":[{"i":[[162.641,148],[128,168],[128,128],[162.641,108]],"o":[[162.641,148],[128,168],[128,128],[162.641,108]],"v":[[162.641,148],[128,168],[128,128],[162.641,108]],"c":true}]}],"ix":2},"nm":"Path 1","mn":"ADBE Vector Shape - Group","hd":false,"_render":true},{"ty":"st","c":{"a":0,"k":[0.3647,0.4392,0.9451,1],"ix":3},"o":{"a":0,"k":100,"ix":4},"w":{"a":0,"k":4,"ix":5},"lc":2,"lj":2,"bm":0,"nm":"Stroke 1","mn":"ADBE Vector Graphic - Stroke","hd":false,"_render":true},{"ty":"fl","c":{"a":0,"k":[1,1,1,1],"ix":4},"o":{"a":0,"k":100,"ix":5},"r":1,"bm":0,"nm":"Fill 1","mn":"ADBE Vector Graphic - Fill","hd":false,"_render":true},{"ty":"tr","p":{"a":0,"k":[0,0],"ix":2},"a":{"a":0,"k":[0,0],"ix":1},"s":{"a":0,"k":[100,100],"ix":3},"r":{"a":0,"k":0,"ix":6},"o":{"a":0,"k":100,"ix":7},"sk":{"a":0,"k":0,"ix":4},"sa":{"a":0,"k":0,"ix":5},"nm":"Transform","_render":true}],"nm":"Group 2","np":3,"cix":2,"bm":0,"ix":2,"mn":"ADBE Vector Group","hd":false,"_render":true},{"ty":"gr","it":[{"ind":0,"ty":"sh","ix":1,"ks":{"a":1,"k":[{"i":{"x":0.2,"y":1},"o":{"x":0.8,"y":0},"t":30,"s":[{"i":[[76.003,98],[41.392,78],[76.033,58],[110.644,78]],"o":[[76.003,98],[41.392,78],[76.033,58],[110.644,78]],"v":[[76.003,98],[41.392,78],[76.033,58],[110.644,78]],"c":true}]},{"i":{"x":0.2,"y":1},"o":{"x":0.8,"y":0},"t":45,"s":[{"i":[[127.985,128],[41.421,78],[76.062,58],[162.626,108]],"o":[[127.985,128],[41.421,78],[76.062,58],[162.626,108]],"v":[[127.985,128],[41.421,78],[76.062,58],[162.626,108]],"c":true}]},{"t":60,"s":[{"i":[[128,128],[93.359,108],[128,88],[162.641,108]],"o":[[128,128],[93.359,108],[128,88],[162.641,108]],"v":[[128,128],[93.359,108],[128,88],[162.641,108]],"c":true}]}],"ix":2},"nm":"Path 1","mn":"ADBE Vector Shape - Group","hd":false,"_render":true},{"ty":"st","c":{"a":0,"k":[0.3647,0.4392,0.9451,1],"ix":3},"o":{"a":0,"k":100,"ix":4},"w":{"a":0,"k":4,"ix":5},"lc":2,"lj":2,"bm":0,"nm":"Stroke 1","mn":"ADBE Vector Graphic - Stroke","hd":false,"_render":true},{"ty":"fl","c":{"a":0,"k":[1,1,1,1],"ix":4},"o":{"a":0,"k":100,"ix":5},"r":1,"bm":0,"nm":"Fill 1","mn":"ADBE Vector Graphic - Fill","hd":false,"_render":true},{"ty":"tr","p":{"a":0,"k":[0,0],"ix":2},"a":{"a":0,"k":[0,0],"ix":1},"s":{"a":0,"k":[100,100],"ix":3},"r":{"a":0,"k":0,"ix":6},"o":{"a":0,"k":100,"ix":7},"sk":{"a":0,"k":0,"ix":4},"sa":{"a":0,"k":0,"ix":5},"nm":"Transform","_render":true}],"nm":"Group 3","np":3,"cix":2,"bm":0,"ix":3,"mn":"ADBE Vector Group","hd":false,"_render":true}],"ip":30,"op":60,"st":30,"bm":0,"completed":true},{"ddd":0,"ind":10,"ty":4,"nm":"Cube_t_3","sr":1,"ks":{"o":{"a":0,"k":100,"ix":11},"r":{"a":0,"k":0,"ix":10},"p":{"a":0,"k":[93.359,148,0],"ix":2},"a":{"a":0,"k":[128,128,0],"ix":1},"s":{"a":0,"k":[100,100,100],"ix":6}},"ao":0,"shapes":[{"ty":"gr","it":[{"ind":0,"ty":"sh","ix":1,"ks":{"a":1,"k":[{"i":{"x":0.2,"y":1},"o":{"x":0.8,"y":0},"t":30,"s":[{"i":[[162.655,208],[128.014,188],[128.014,148],[162.655,168]],"o":[[162.655,208],[128.014,188],[128.014,148],[162.655,168]],"v":[[162.655,208],[128.014,188],[128.014,148],[162.655,168]],"c":true}]},{"i":{"x":0.2,"y":1},"o":{"x":0.8,"y":0},"t":45,"s":[{"i":[[162.656,208],[76.034,158],[76.034,118],[162.656,168]],"o":[[162.656,208],[76.034,158],[76.034,118],[162.656,168]],"v":[[162.656,208],[76.034,158],[76.034,118],[162.656,168]],"c":true}]},{"t":60,"s":[{"i":[[110.675,178],[76.034,158],[76.034,118],[110.675,138]],"o":[[110.675,178],[76.034,158],[76.034,118],[110.675,138]],"v":[[110.675,178],[76.034,158],[76.034,118],[110.675,138]],"c":true}]}],"ix":2},"nm":"Path 1","mn":"ADBE Vector Shape - Group","hd":false,"_render":true},{"ty":"st","c":{"a":0,"k":[0.3647,0.4392,0.9451,1],"ix":3},"o":{"a":0,"k":100,"ix":4},"w":{"a":0,"k":4,"ix":5},"lc":2,"lj":2,"bm":0,"nm":"Stroke 1","mn":"ADBE Vector Graphic - Stroke","hd":false,"_render":true},{"ty":"fl","c":{"a":0,"k":[1,1,1,1],"ix":4},"o":{"a":0,"k":100,"ix":5},"r":1,"bm":0,"nm":"Fill 1","mn":"ADBE Vector Graphic - Fill","hd":false,"_render":true},{"ty":"tr","p":{"a":0,"k":[0,0],"ix":2},"a":{"a":0,"k":[0,0],"ix":1},"s":{"a":0,"k":[100,100],"ix":3},"r":{"a":0,"k":0,"ix":6},"o":{"a":0,"k":100,"ix":7},"sk":{"a":0,"k":0,"ix":4},"sa":{"a":0,"k":0,"ix":5},"nm":"Transform","_render":true}],"nm":"Group 1","np":3,"cix":2,"bm":0,"ix":1,"mn":"ADBE Vector Group","hd":false,"_render":true},{"ty":"gr","it":[{"ind":0,"ty":"sh","ix":1,"ks":{"a":1,"k":[{"i":{"x":0.2,"y":1},"o":{"x":0.8,"y":0},"t":30,"s":[{"i":[[197.297,188],[162.655,208],[162.655,168],[197.297,148]],"o":[[197.297,188],[162.655,208],[162.655,168],[197.297,148]],"v":[[197.297,188],[162.655,208],[162.655,168],[197.297,148]],"c":true}]},{"i":{"x":0.2,"y":1},"o":{"x":0.8,"y":0},"t":45,"s":[{"i":[[197.297,188],[162.656,208],[162.656,168],[197.297,148]],"o":[[197.297,188],[162.656,208],[162.656,168],[197.297,148]],"v":[[197.297,188],[162.656,208],[162.656,168],[197.297,148]],"c":true}]},{"t":60,"s":[{"i":[[145.316,158],[110.675,178],[110.675,138],[145.316,118]],"o":[[145.316,158],[110.675,178],[110.675,138],[145.316,118]],"v":[[145.316,158],[110.675,178],[110.675,138],[145.316,118]],"c":true}]}],"ix":2},"nm":"Path 1","mn":"ADBE Vector Shape - Group","hd":false,"_render":true},{"ty":"st","c":{"a":0,"k":[0.3647,0.4392,0.9451,1],"ix":3},"o":{"a":0,"k":100,"ix":4},"w":{"a":0,"k":4,"ix":5},"lc":2,"lj":2,"bm":0,"nm":"Stroke 1","mn":"ADBE Vector Graphic - Stroke","hd":false,"_render":true},{"ty":"fl","c":{"a":0,"k":[1,1,1,1],"ix":4},"o":{"a":0,"k":100,"ix":5},"r":1,"bm":0,"nm":"Fill 1","mn":"ADBE Vector Graphic - Fill","hd":false,"_render":true},{"ty":"tr","p":{"a":0,"k":[0,0],"ix":2},"a":{"a":0,"k":[0,0],"ix":1},"s":{"a":0,"k":[100,100],"ix":3},"r":{"a":0,"k":0,"ix":6},"o":{"a":0,"k":100,"ix":7},"sk":{"a":0,"k":0,"ix":4},"sa":{"a":0,"k":0,"ix":5},"nm":"Transform","_render":true}],"nm":"Group 2","np":3,"cix":2,"bm":0,"ix":2,"mn":"ADBE Vector Group","hd":false,"_render":true},{"ty":"gr","it":[{"ind":0,"ty":"sh","ix":1,"ks":{"a":1,"k":[{"i":{"x":0.2,"y":1},"o":{"x":0.8,"y":0},"t":30,"s":[{"i":[[162.656,168],[128.014,148],[162.655,128],[197.296,148]],"o":[[162.656,168],[128.014,148],[162.655,128],[197.296,148]],"v":[[162.656,168],[128.014,148],[162.655,128],[197.296,148]],"c":true}]},{"i":{"x":0.2,"y":1},"o":{"x":0.8,"y":0},"t":45,"s":[{"i":[[162.656,168],[76.034,118],[110.675,98],[197.297,148]],"o":[[162.656,168],[76.034,118],[110.675,98],[197.297,148]],"v":[[162.656,168],[76.034,118],[110.675,98],[197.297,148]],"c":true}]},{"t":60,"s":[{"i":[[110.675,138],[76.034,118],[110.675,98],[145.316,118]],"o":[[110.675,138],[76.034,118],[110.675,98],[145.316,118]],"v":[[110.675,138],[76.034,118],[110.675,98],[145.316,118]],"c":true}]}],"ix":2},"nm":"Path 1","mn":"ADBE Vector Shape - Group","hd":false,"_render":true},{"ty":"st","c":{"a":0,"k":[0.3647,0.4392,0.9451,1],"ix":3},"o":{"a":0,"k":100,"ix":4},"w":{"a":0,"k":4,"ix":5},"lc":2,"lj":2,"bm":0,"nm":"Stroke 1","mn":"ADBE Vector Graphic - Stroke","hd":false,"_render":true},{"ty":"fl","c":{"a":0,"k":[1,1,1,1],"ix":4},"o":{"a":0,"k":100,"ix":5},"r":1,"bm":0,"nm":"Fill 1","mn":"ADBE Vector Graphic - Fill","hd":false,"_render":true},{"ty":"tr","p":{"a":0,"k":[0,0],"ix":2},"a":{"a":0,"k":[0,0],"ix":1},"s":{"a":0,"k":[100,100],"ix":3},"r":{"a":0,"k":0,"ix":6},"o":{"a":0,"k":100,"ix":7},"sk":{"a":0,"k":0,"ix":4},"sa":{"a":0,"k":0,"ix":5},"nm":"Transform","_render":true}],"nm":"Group 3","np":3,"cix":2,"bm":0,"ix":3,"mn":"ADBE Vector Group","hd":false,"_render":true}],"ip":30,"op":60,"st":30,"bm":0,"completed":true},{"ddd":0,"ind":11,"ty":4,"nm":"Cube_t_4","sr":1,"ks":{"o":{"a":0,"k":100,"ix":11},"r":{"a":0,"k":0,"ix":10},"p":{"a":0,"k":[128,88,0],"ix":2},"a":{"a":0,"k":[128,128,0],"ix":1},"s":{"a":0,"k":[100,100,100],"ix":6}},"ao":0,"shapes":[{"ty":"gr","it":[{"ind":0,"ty":"sh","ix":1,"ks":{"a":1,"k":[{"i":{"x":0.2,"y":1},"o":{"x":0.8,"y":0},"t":30,"s":[{"i":[[179.95,178],[145.338,158],[145.338,118],[179.95,138]],"o":[[179.95,178],[145.338,158],[145.338,118],[179.95,138]],"v":[[179.95,178],[145.338,158],[145.338,118],[179.95,138]],"c":true}]},{"i":{"x":0.2,"y":1},"o":{"x":0.8,"y":0},"t":45,"s":[{"i":[[179.952,238],[145.341,218],[145.362,118.001],[179.974,138]],"o":[[179.952,238],[145.341,218],[145.362,118.001],[179.974,138]],"v":[[179.952,238],[145.341,218],[145.362,118.001],[179.974,138]],"c":true}]},{"t":60,"s":[{"i":[[179.973,238],[145.361,218],[145.328,178],[179.94,198]],"o":[[179.973,238],[145.361,218],[145.328,178],[179.94,198]],"v":[[179.973,238],[145.361,218],[145.328,178],[179.94,198]],"c":true}]}],"ix":2},"nm":"Path 1","mn":"ADBE Vector Shape - Group","hd":false,"_render":true},{"ty":"st","c":{"a":0,"k":[0.3647,0.4392,0.9451,1],"ix":3},"o":{"a":0,"k":100,"ix":4},"w":{"a":0,"k":4,"ix":5},"lc":2,"lj":2,"bm":0,"nm":"Stroke 1","mn":"ADBE Vector Graphic - Stroke","hd":false,"_render":true},{"ty":"fl","c":{"a":0,"k":[1,1,1,1],"ix":4},"o":{"a":0,"k":100,"ix":5},"r":1,"bm":0,"nm":"Fill 1","mn":"ADBE Vector Graphic - Fill","hd":false,"_render":true},{"ty":"tr","p":{"a":0,"k":[0,0],"ix":2},"a":{"a":0,"k":[0,0],"ix":1},"s":{"a":0,"k":[100,100],"ix":3},"r":{"a":0,"k":0,"ix":6},"o":{"a":0,"k":100,"ix":7},"sk":{"a":0,"k":0,"ix":4},"sa":{"a":0,"k":0,"ix":5},"nm":"Transform","_render":true}],"nm":"Group 1","np":3,"cix":2,"bm":0,"ix":1,"mn":"ADBE Vector Group","hd":false,"_render":true},{"ty":"gr","it":[{"ind":0,"ty":"sh","ix":1,"ks":{"a":1,"k":[{"i":{"x":0.2,"y":1},"o":{"x":0.8,"y":0},"t":30,"s":[{"i":[[214.591,158],[179.95,178],[179.95,138],[214.591,118]],"o":[[214.591,158],[179.95,178],[179.95,138],[214.591,118]],"v":[[214.591,158],[179.95,178],[179.95,138],[214.591,118]],"c":true}]},{"i":{"x":0.2,"y":1},"o":{"x":0.8,"y":0},"t":45,"s":[{"i":[[214.594,218],[179.952,238],[179.974,138],[214.615,118]],"o":[[214.594,218],[179.952,238],[179.974,138],[214.615,118]],"v":[[214.594,218],[179.952,238],[179.974,138],[214.615,118]],"c":true}]},{"t":60,"s":[{"i":[[214.614,218],[179.973,238],[179.94,198],[214.581,178]],"o":[[214.614,218],[179.973,238],[179.94,198],[214.581,178]],"v":[[214.614,218],[179.973,238],[179.94,198],[214.581,178]],"c":true}]}],"ix":2},"nm":"Path 1","mn":"ADBE Vector Shape - Group","hd":false,"_render":true},{"ty":"st","c":{"a":0,"k":[0.3647,0.4392,0.9451,1],"ix":3},"o":{"a":0,"k":100,"ix":4},"w":{"a":0,"k":4,"ix":5},"lc":2,"lj":2,"bm":0,"nm":"Stroke 1","mn":"ADBE Vector Graphic - Stroke","hd":false,"_render":true},{"ty":"fl","c":{"a":0,"k":[1,1,1,1],"ix":4},"o":{"a":0,"k":100,"ix":5},"r":1,"bm":0,"nm":"Fill 1","mn":"ADBE Vector Graphic - Fill","hd":false,"_render":true},{"ty":"tr","p":{"a":0,"k":[0,0],"ix":2},"a":{"a":0,"k":[0,0],"ix":1},"s":{"a":0,"k":[100,100],"ix":3},"r":{"a":0,"k":0,"ix":6},"o":{"a":0,"k":100,"ix":7},"sk":{"a":0,"k":0,"ix":4},"sa":{"a":0,"k":0,"ix":5},"nm":"Transform","_render":true}],"nm":"Group 2","np":3,"cix":2,"bm":0,"ix":2,"mn":"ADBE Vector Group","hd":false,"_render":true},{"ty":"gr","it":[{"ind":0,"ty":"sh","ix":1,"ks":{"a":1,"k":[{"i":{"x":0.2,"y":1},"o":{"x":0.8,"y":0},"t":30,"s":[{"i":[[179.95,138],[145.338,118],[179.979,98],[214.591,118]],"o":[[179.95,138],[145.338,118],[179.979,98],[214.591,118]],"v":[[179.95,138],[145.338,118],[179.979,98],[214.591,118]],"c":true}]},{"i":{"x":0.2,"y":1},"o":{"x":0.8,"y":0},"t":45,"s":[{"i":[[179.974,138],[145.363,118.001],[180.004,98.001],[214.615,118]],"o":[[179.974,138],[145.363,118.001],[180.004,98.001],[214.615,118]],"v":[[179.974,138],[145.363,118.001],[180.004,98.001],[214.615,118]],"c":true}]},{"t":60,"s":[{"i":[[179.94,198],[145.328,178],[179.969,158],[214.581,178]],"o":[[179.94,198],[145.328,178],[179.969,158],[214.581,178]],"v":[[179.94,198],[145.328,178],[179.969,158],[214.581,178]],"c":true}]}],"ix":2},"nm":"Path 1","mn":"ADBE Vector Shape - Group","hd":false,"_render":true},{"ty":"st","c":{"a":0,"k":[0.3647,0.4392,0.9451,1],"ix":3},"o":{"a":0,"k":100,"ix":4},"w":{"a":0,"k":4,"ix":5},"lc":2,"lj":2,"bm":0,"nm":"Stroke 1","mn":"ADBE Vector Graphic - Stroke","hd":false,"_render":true},{"ty":"fl","c":{"a":0,"k":[1,1,1,1],"ix":4},"o":{"a":0,"k":100,"ix":5},"r":1,"bm":0,"nm":"Fill 1","mn":"ADBE Vector Graphic - Fill","hd":false,"_render":true},{"ty":"tr","p":{"a":0,"k":[0,0],"ix":2},"a":{"a":0,"k":[0,0],"ix":1},"s":{"a":0,"k":[100,100],"ix":3},"r":{"a":0,"k":0,"ix":6},"o":{"a":0,"k":100,"ix":7},"sk":{"a":0,"k":0,"ix":4},"sa":{"a":0,"k":0,"ix":5},"nm":"Transform","_render":true}],"nm":"Group 3","np":3,"cix":2,"bm":0,"ix":3,"mn":"ADBE Vector Group","hd":false,"_render":true}],"ip":30,"op":60,"st":0,"bm":0,"completed":true},{"ddd":0,"ind":12,"ty":4,"nm":"Cube_t_2","sr":1,"ks":{"o":{"a":0,"k":100,"ix":11},"r":{"a":0,"k":0,"ix":10},"p":{"a":0,"k":[162.641,148,0],"ix":2},"a":{"a":0,"k":[128,128,0],"ix":1},"s":{"a":0,"k":[100,100,100],"ix":6}},"ao":0,"shapes":[{"ty":"gr","it":[{"ind":0,"ty":"sh","ix":1,"ks":{"a":1,"k":[{"i":{"x":0.2,"y":1},"o":{"x":0.8,"y":0},"t":30,"s":[{"i":[[93.343,148],[58.718,128],[58.718,88],[93.343,108]],"o":[[93.343,148],[58.718,128],[58.718,88],[93.343,108]],"v":[[93.343,148],[58.718,128],[58.718,88],[93.343,108]],"c":true}]},{"i":{"x":0.2,"y":1},"o":{"x":0.8,"y":0},"t":45,"s":[{"i":[[93.342,148],[58.717,128],[58.717,28],[93.342,48]],"o":[[93.342,148],[58.717,128],[58.717,28],[93.342,48]],"v":[[93.342,148],[58.717,128],[58.717,28],[93.342,48]],"c":true}]},{"t":60,"s":[{"i":[[93.374,88],[58.748,68],[58.717,28],[93.343,48]],"o":[[93.374,88],[58.748,68],[58.717,28],[93.343,48]],"v":[[93.374,88],[58.748,68],[58.717,28],[93.343,48]],"c":true}]}],"ix":2},"nm":"Path 1","mn":"ADBE Vector Shape - Group","hd":false,"_render":true},{"ty":"st","c":{"a":0,"k":[0.3647,0.4392,0.9451,1],"ix":3},"o":{"a":0,"k":100,"ix":4},"w":{"a":0,"k":4,"ix":5},"lc":2,"lj":2,"bm":0,"nm":"Stroke 1","mn":"ADBE Vector Graphic - Stroke","hd":false,"_render":true},{"ty":"fl","c":{"a":0,"k":[1,1,1,1],"ix":4},"o":{"a":0,"k":100,"ix":5},"r":1,"bm":0,"nm":"Fill 1","mn":"ADBE Vector Graphic - Fill","hd":false,"_render":true},{"ty":"tr","p":{"a":0,"k":[0,0],"ix":2},"a":{"a":0,"k":[0,0],"ix":1},"s":{"a":0,"k":[100,100],"ix":3},"r":{"a":0,"k":0,"ix":6},"o":{"a":0,"k":100,"ix":7},"sk":{"a":0,"k":0,"ix":4},"sa":{"a":0,"k":0,"ix":5},"nm":"Transform","_render":true}],"nm":"Group 1","np":3,"cix":2,"bm":0,"ix":1,"mn":"ADBE Vector Group","hd":false,"_render":true},{"ty":"gr","it":[{"ind":0,"ty":"sh","ix":1,"ks":{"a":1,"k":[{"i":{"x":0.2,"y":1},"o":{"x":0.8,"y":0},"t":30,"s":[{"i":[[127.984,128],[93.343,148],[93.343,108],[127.984,88]],"o":[[127.984,128],[93.343,148],[93.343,108],[127.984,88]],"v":[[127.984,128],[93.343,148],[93.343,108],[127.984,88]],"c":true}]},{"i":{"x":0.2,"y":1},"o":{"x":0.8,"y":0},"t":45,"s":[{"i":[[127.984,128],[93.342,148],[93.342,48],[127.984,28]],"o":[[127.984,128],[93.342,148],[93.342,48],[127.984,28]],"v":[[127.984,128],[93.342,148],[93.342,48],[127.984,28]],"c":true}]},{"t":60,"s":[{"i":[[128.015,68],[93.374,88],[93.343,48],[127.984,28]],"o":[[128.015,68],[93.374,88],[93.343,48],[127.984,28]],"v":[[128.015,68],[93.374,88],[93.343,48],[127.984,28]],"c":true}]}],"ix":2},"nm":"Path 1","mn":"ADBE Vector Shape - Group","hd":false,"_render":true},{"ty":"st","c":{"a":0,"k":[0.3647,0.4392,0.9451,1],"ix":3},"o":{"a":0,"k":100,"ix":4},"w":{"a":0,"k":4,"ix":5},"lc":2,"lj":2,"bm":0,"nm":"Stroke 1","mn":"ADBE Vector Graphic - Stroke","hd":false,"_render":true},{"ty":"fl","c":{"a":0,"k":[1,1,1,1],"ix":4},"o":{"a":0,"k":100,"ix":5},"r":1,"bm":0,"nm":"Fill 1","mn":"ADBE Vector Graphic - Fill","hd":false,"_render":true},{"ty":"tr","p":{"a":0,"k":[0,0],"ix":2},"a":{"a":0,"k":[0,0],"ix":1},"s":{"a":0,"k":[100,100],"ix":3},"r":{"a":0,"k":0,"ix":6},"o":{"a":0,"k":100,"ix":7},"sk":{"a":0,"k":0,"ix":4},"sa":{"a":0,"k":0,"ix":5},"nm":"Transform","_render":true}],"nm":"Group 2","np":3,"cix":2,"bm":0,"ix":2,"mn":"ADBE Vector Group","hd":false,"_render":true},{"ty":"gr","it":[{"ind":0,"ty":"sh","ix":1,"ks":{"a":1,"k":[{"i":{"x":0.2,"y":1},"o":{"x":0.8,"y":0},"t":30,"s":[{"i":[[93.343,108],[58.718,88],[93.359,68],[127.984,88]],"o":[[93.343,108],[58.718,88],[93.359,68],[127.984,88]],"v":[[93.343,108],[58.718,88],[93.359,68],[127.984,88]],"c":true}]},{"i":{"x":0.2,"y":1},"o":{"x":0.8,"y":0},"t":45,"s":[{"i":[[93.343,48],[58.717,28],[93.358,8],[127.984,28]],"o":[[93.343,48],[58.717,28],[93.358,8],[127.984,28]],"v":[[93.343,48],[58.717,28],[93.358,8],[127.984,28]],"c":true}]},{"t":60,"s":[{"i":[[93.343,48],[58.717,28],[93.358,8],[127.984,28]],"o":[[93.343,48],[58.717,28],[93.358,8],[127.984,28]],"v":[[93.343,48],[58.717,28],[93.358,8],[127.984,28]],"c":true}]}],"ix":2},"nm":"Path 1","mn":"ADBE Vector Shape - Group","hd":false,"_render":true},{"ty":"st","c":{"a":0,"k":[0.3647,0.4392,0.9451,1],"ix":3},"o":{"a":0,"k":100,"ix":4},"w":{"a":0,"k":4,"ix":5},"lc":2,"lj":2,"bm":0,"nm":"Stroke 1","mn":"ADBE Vector Graphic - Stroke","hd":false,"_render":true},{"ty":"fl","c":{"a":0,"k":[1,1,1,1],"ix":4},"o":{"a":0,"k":100,"ix":5},"r":1,"bm":0,"nm":"Fill 1","mn":"ADBE Vector Graphic - Fill","hd":false,"_render":true},{"ty":"tr","p":{"a":0,"k":[0,0],"ix":2},"a":{"a":0,"k":[0,0],"ix":1},"s":{"a":0,"k":[100,100],"ix":3},"r":{"a":0,"k":0,"ix":6},"o":{"a":0,"k":100,"ix":7},"sk":{"a":0,"k":0,"ix":4},"sa":{"a":0,"k":0,"ix":5},"nm":"Transform","_render":true}],"nm":"Group 3","np":3,"cix":2,"bm":0,"ix":3,"mn":"ADBE Vector Group","hd":false,"_render":true}],"ip":30,"op":60,"st":0,"bm":0,"completed":true},{"ddd":0,"ind":13,"ty":4,"nm":"Cube_t_3","sr":1,"ks":{"o":{"a":0,"k":100,"ix":11},"r":{"a":0,"k":0,"ix":10},"p":{"a":0,"k":[93.359,148,0],"ix":2},"a":{"a":0,"k":[128,128,0],"ix":1},"s":{"a":0,"k":[100,100,100],"ix":6}},"ao":0,"shapes":[{"ty":"gr","it":[{"ind":0,"ty":"sh","ix":1,"ks":{"a":1,"k":[{"i":{"x":0.2,"y":1},"o":{"x":0.8,"y":0},"t":0,"s":[{"i":[[162.671,148],[128.029,128],[128.029,88],[162.67,108]],"o":[[162.671,148],[128.029,128],[128.029,88],[162.67,108]],"v":[[162.671,148],[128.029,128],[128.029,88],[162.67,108]],"c":true}]},{"i":{"x":0.2,"y":1},"o":{"x":0.8,"y":0},"t":15,"s":[{"i":[[162.656,208],[128.014,188],[128.029,88],[162.67,108]],"o":[[162.656,208],[128.014,188],[128.029,88],[162.67,108]],"v":[[162.656,208],[128.014,188],[128.029,88],[162.67,108]],"c":true}]},{"t":30,"s":[{"i":[[162.655,208],[128.014,188],[128.014,148],[162.655,168]],"o":[[162.655,208],[128.014,188],[128.014,148],[162.655,168]],"v":[[162.655,208],[128.014,188],[128.014,148],[162.655,168]],"c":true}]}],"ix":2},"nm":"Path 1","mn":"ADBE Vector Shape - Group","hd":false,"_render":true},{"ty":"st","c":{"a":0,"k":[0.3647,0.4392,0.9451,1],"ix":3},"o":{"a":0,"k":100,"ix":4},"w":{"a":0,"k":4,"ix":5},"lc":2,"lj":2,"bm":0,"nm":"Stroke 1","mn":"ADBE Vector Graphic - Stroke","hd":false,"_render":true},{"ty":"fl","c":{"a":0,"k":[1,1,1,1],"ix":4},"o":{"a":0,"k":100,"ix":5},"r":1,"bm":0,"nm":"Fill 1","mn":"ADBE Vector Graphic - Fill","hd":false,"_render":true},{"ty":"tr","p":{"a":0,"k":[0,0],"ix":2},"a":{"a":0,"k":[0,0],"ix":1},"s":{"a":0,"k":[100,100],"ix":3},"r":{"a":0,"k":0,"ix":6},"o":{"a":0,"k":100,"ix":7},"sk":{"a":0,"k":0,"ix":4},"sa":{"a":0,"k":0,"ix":5},"nm":"Transform","_render":true}],"nm":"Group 1","np":3,"cix":2,"bm":0,"ix":1,"mn":"ADBE Vector Group","hd":false,"_render":true},{"ty":"gr","it":[{"ind":0,"ty":"sh","ix":1,"ks":{"a":1,"k":[{"i":{"x":0.2,"y":1},"o":{"x":0.8,"y":0},"t":0,"s":[{"i":[[197.312,128],[162.671,148],[162.67,108],[197.311,88]],"o":[[197.312,128],[162.671,148],[162.67,108],[197.311,88]],"v":[[197.312,128],[162.671,148],[162.67,108],[197.311,88]],"c":true}]},{"i":{"x":0.2,"y":1},"o":{"x":0.8,"y":0},"t":15,"s":[{"i":[[197.297,188],[162.656,208],[162.67,108],[197.311,88]],"o":[[197.297,188],[162.656,208],[162.67,108],[197.311,88]],"v":[[197.297,188],[162.656,208],[162.67,108],[197.311,88]],"c":true}]},{"t":30,"s":[{"i":[[197.297,188],[162.655,208],[162.655,168],[197.297,148]],"o":[[197.297,188],[162.655,208],[162.655,168],[197.297,148]],"v":[[197.297,188],[162.655,208],[162.655,168],[197.297,148]],"c":true}]}],"ix":2},"nm":"Path 1","mn":"ADBE Vector Shape - Group","hd":false,"_render":true},{"ty":"st","c":{"a":0,"k":[0.3647,0.4392,0.9451,1],"ix":3},"o":{"a":0,"k":100,"ix":4},"w":{"a":0,"k":4,"ix":5},"lc":2,"lj":2,"bm":0,"nm":"Stroke 1","mn":"ADBE Vector Graphic - Stroke","hd":false,"_render":true},{"ty":"fl","c":{"a":0,"k":[1,1,1,1],"ix":4},"o":{"a":0,"k":100,"ix":5},"r":1,"bm":0,"nm":"Fill 1","mn":"ADBE Vector Graphic - Fill","hd":false,"_render":true},{"ty":"tr","p":{"a":0,"k":[0,0],"ix":2},"a":{"a":0,"k":[0,0],"ix":1},"s":{"a":0,"k":[100,100],"ix":3},"r":{"a":0,"k":0,"ix":6},"o":{"a":0,"k":100,"ix":7},"sk":{"a":0,"k":0,"ix":4},"sa":{"a":0,"k":0,"ix":5},"nm":"Transform","_render":true}],"nm":"Group 2","np":3,"cix":2,"bm":0,"ix":2,"mn":"ADBE Vector Group","hd":false,"_render":true},{"ty":"gr","it":[{"ind":0,"ty":"sh","ix":1,"ks":{"a":1,"k":[{"i":{"x":0.2,"y":1},"o":{"x":0.8,"y":0},"t":0,"s":[{"i":[[162.67,108],[128.029,88],[162.67,68],[197.311,88]],"o":[[162.67,108],[128.029,88],[162.67,68],[197.311,88]],"v":[[162.67,108],[128.029,88],[162.67,68],[197.311,88]],"c":true}]},{"i":{"x":0.2,"y":1},"o":{"x":0.8,"y":0},"t":15,"s":[{"i":[[162.67,108],[128.029,88],[162.67,68],[197.311,88]],"o":[[162.67,108],[128.029,88],[162.67,68],[197.311,88]],"v":[[162.67,108],[128.029,88],[162.67,68],[197.311,88]],"c":true}]},{"t":30,"s":[{"i":[[162.656,168],[128.014,148],[162.655,128],[197.296,148]],"o":[[162.656,168],[128.014,148],[162.655,128],[197.296,148]],"v":[[162.656,168],[128.014,148],[162.655,128],[197.296,148]],"c":true}]}],"ix":2},"nm":"Path 1","mn":"ADBE Vector Shape - Group","hd":false,"_render":true},{"ty":"st","c":{"a":0,"k":[0.3647,0.4392,0.9451,1],"ix":3},"o":{"a":0,"k":100,"ix":4},"w":{"a":0,"k":4,"ix":5},"lc":2,"lj":2,"bm":0,"nm":"Stroke 1","mn":"ADBE Vector Graphic - Stroke","hd":false,"_render":true},{"ty":"fl","c":{"a":0,"k":[1,1,1,1],"ix":4},"o":{"a":0,"k":100,"ix":5},"r":1,"bm":0,"nm":"Fill 1","mn":"ADBE Vector Graphic - Fill","hd":false,"_render":true},{"ty":"tr","p":{"a":0,"k":[0,0],"ix":2},"a":{"a":0,"k":[0,0],"ix":1},"s":{"a":0,"k":[100,100],"ix":3},"r":{"a":0,"k":0,"ix":6},"o":{"a":0,"k":100,"ix":7},"sk":{"a":0,"k":0,"ix":4},"sa":{"a":0,"k":0,"ix":5},"nm":"Transform","_render":true}],"nm":"Group 3","np":3,"cix":2,"bm":0,"ix":3,"mn":"ADBE Vector Group","hd":false,"_render":true}],"ip":0,"op":30,"st":-30,"bm":0,"completed":true},{"ddd":0,"ind":14,"ty":4,"nm":"Cube_t_1","sr":1,"ks":{"o":{"a":0,"k":100,"ix":11},"r":{"a":0,"k":0,"ix":10},"p":{"a":0,"k":[128,128,0],"ix":2},"a":{"a":0,"k":[128,128,0],"ix":1},"s":{"a":0,"k":[100,100,100],"ix":6}},"ao":0,"shapes":[{"ty":"gr","it":[{"ind":0,"ty":"sh","ix":1,"ks":{"a":1,"k":[{"i":{"x":0.2,"y":1},"o":{"x":0.8,"y":0},"t":0,"s":[{"i":[[75.997,198],[41.386,178],[41.433,138],[76.044,158]],"o":[[75.997,198],[41.386,178],[41.433,138],[76.044,158]],"v":[[75.997,198],[41.386,178],[41.433,138],[76.044,158]],"c":true}]},{"i":{"x":0.2,"y":1},"o":{"x":0.8,"y":0},"t":15,"s":[{"i":[[76.046,198],[41.435,178],[41.411,78.001],[76.022,98]],"o":[[76.046,198],[41.435,178],[41.411,78.001],[76.022,98]],"v":[[76.046,198],[41.435,178],[41.411,78.001],[76.022,98]],"c":true}]},{"t":30,"s":[{"i":[[76.022,138],[41.411,118],[41.411,78],[76.022,98]],"o":[[76.022,138],[41.411,118],[41.411,78],[76.022,98]],"v":[[76.022,138],[41.411,118],[41.411,78],[76.022,98]],"c":true}]}],"ix":2},"nm":"Path 1","mn":"ADBE Vector Shape - Group","hd":false,"_render":true},{"ty":"st","c":{"a":0,"k":[0.3647,0.4392,0.9451,1],"ix":3},"o":{"a":0,"k":100,"ix":4},"w":{"a":0,"k":4,"ix":5},"lc":2,"lj":2,"bm":0,"nm":"Stroke 1","mn":"ADBE Vector Graphic - Stroke","hd":false,"_render":true},{"ty":"fl","c":{"a":0,"k":[1,1,1,1],"ix":4},"o":{"a":0,"k":100,"ix":5},"r":1,"bm":0,"nm":"Fill 1","mn":"ADBE Vector Graphic - Fill","hd":false,"_render":true},{"ty":"tr","p":{"a":0,"k":[0,0],"ix":2},"a":{"a":0,"k":[0,0],"ix":1},"s":{"a":0,"k":[100,100],"ix":3},"r":{"a":0,"k":0,"ix":6},"o":{"a":0,"k":100,"ix":7},"sk":{"a":0,"k":0,"ix":4},"sa":{"a":0,"k":0,"ix":5},"nm":"Transform","_render":true}],"nm":"Group 1","np":3,"cix":2,"bm":0,"ix":1,"mn":"ADBE Vector Group","hd":false,"_render":true},{"ty":"gr","it":[{"ind":0,"ty":"sh","ix":1,"ks":{"a":1,"k":[{"i":{"x":0.2,"y":1},"o":{"x":0.8,"y":0},"t":0,"s":[{"i":[[110.638,178],[75.997,198],[76.044,158],[110.685,138]],"o":[[110.638,178],[75.997,198],[76.044,158],[110.685,138]],"v":[[110.638,178],[75.997,198],[76.044,158],[110.685,138]],"c":true}]},{"i":{"x":0.2,"y":1},"o":{"x":0.8,"y":0},"t":15,"s":[{"i":[[110.687,178],[76.046,198],[76.022,98],[110.663,78]],"o":[[110.687,178],[76.046,198],[76.022,98],[110.663,78]],"v":[[110.687,178],[76.046,198],[76.022,98],[110.663,78]],"c":true}]},{"t":30,"s":[{"i":[[110.663,118],[76.022,138],[76.022,98],[110.663,78]],"o":[[110.663,118],[76.022,138],[76.022,98],[110.663,78]],"v":[[110.663,118],[76.022,138],[76.022,98],[110.663,78]],"c":true}]}],"ix":2},"nm":"Path 1","mn":"ADBE Vector Shape - Group","hd":false,"_render":true},{"ty":"st","c":{"a":0,"k":[0.3647,0.4392,0.9451,1],"ix":3},"o":{"a":0,"k":100,"ix":4},"w":{"a":0,"k":4,"ix":5},"lc":2,"lj":2,"bm":0,"nm":"Stroke 1","mn":"ADBE Vector Graphic - Stroke","hd":false,"_render":true},{"ty":"fl","c":{"a":0,"k":[1,1,1,1],"ix":4},"o":{"a":0,"k":100,"ix":5},"r":1,"bm":0,"nm":"Fill 1","mn":"ADBE Vector Graphic - Fill","hd":false,"_render":true},{"ty":"tr","p":{"a":0,"k":[0,0],"ix":2},"a":{"a":0,"k":[0,0],"ix":1},"s":{"a":0,"k":[100,100],"ix":3},"r":{"a":0,"k":0,"ix":6},"o":{"a":0,"k":100,"ix":7},"sk":{"a":0,"k":0,"ix":4},"sa":{"a":0,"k":0,"ix":5},"nm":"Transform","_render":true}],"nm":"Group 2","np":3,"cix":2,"bm":0,"ix":2,"mn":"ADBE Vector Group","hd":false,"_render":true},{"ty":"gr","it":[{"ind":0,"ty":"sh","ix":1,"ks":{"a":1,"k":[{"i":{"x":0.2,"y":1},"o":{"x":0.8,"y":0},"t":0,"s":[{"i":[[76.044,158],[41.433,138],[76.074,118],[110.685,138]],"o":[[76.044,158],[41.433,138],[76.074,118],[110.685,138]],"v":[[76.044,158],[41.433,138],[76.074,118],[110.685,138]],"c":true}]},{"i":{"x":0.2,"y":1},"o":{"x":0.8,"y":0},"t":15,"s":[{"i":[[76.022,98],[41.411,78],[76.052,58.001],[110.663,78]],"o":[[76.022,98],[41.411,78],[76.052,58.001],[110.663,78]],"v":[[76.022,98],[41.411,78],[76.052,58.001],[110.663,78]],"c":true}]},{"t":30,"s":[{"i":[[76.022,98],[41.411,78],[76.052,58],[110.663,78]],"o":[[76.022,98],[41.411,78],[76.052,58],[110.663,78]],"v":[[76.022,98],[41.411,78],[76.052,58],[110.663,78]],"c":true}]}],"ix":2},"nm":"Path 1","mn":"ADBE Vector Shape - Group","hd":false,"_render":true},{"ty":"st","c":{"a":0,"k":[0.3647,0.4392,0.9451,1],"ix":3},"o":{"a":0,"k":100,"ix":4},"w":{"a":0,"k":4,"ix":5},"lc":2,"lj":2,"bm":0,"nm":"Stroke 1","mn":"ADBE Vector Graphic - Stroke","hd":false,"_render":true},{"ty":"fl","c":{"a":0,"k":[1,1,1,1],"ix":4},"o":{"a":0,"k":100,"ix":5},"r":1,"bm":0,"nm":"Fill 1","mn":"ADBE Vector Graphic - Fill","hd":false,"_render":true},{"ty":"tr","p":{"a":0,"k":[0,0],"ix":2},"a":{"a":0,"k":[0,0],"ix":1},"s":{"a":0,"k":[100,100],"ix":3},"r":{"a":0,"k":0,"ix":6},"o":{"a":0,"k":100,"ix":7},"sk":{"a":0,"k":0,"ix":4},"sa":{"a":0,"k":0,"ix":5},"nm":"Transform","_render":true}],"nm":"Group 3","np":3,"cix":2,"bm":0,"ix":3,"mn":"ADBE Vector Group","hd":false,"_render":true}],"ip":0,"op":30,"st":-30,"bm":0,"completed":true},{"ddd":0,"ind":15,"ty":4,"nm":"Cube_t_4","sr":1,"ks":{"o":{"a":0,"k":100,"ix":11},"r":{"a":0,"k":0,"ix":10},"p":{"a":0,"k":[128,88,0],"ix":2},"a":{"a":0,"k":[128,128,0],"ix":1},"s":{"a":0,"k":[100,100,100],"ix":6}},"ao":0,"shapes":[{"ty":"gr","it":[{"ind":0,"ty":"sh","ix":1,"ks":{"a":1,"k":[{"i":{"x":0.2,"y":1},"o":{"x":0.8,"y":0},"t":0,"s":[{"i":[[128.003,148],[93.362,127.999],[93.362,88],[128.003,108]],"o":[[128.003,148],[93.362,127.999],[93.362,88],[128.003,108]],"v":[[128.003,148],[93.362,127.999],[93.362,88],[128.003,108]],"c":true}]},{"i":{"x":0.2,"y":1},"o":{"x":0.8,"y":0},"t":15,"s":[{"i":[[179.963,178],[93.358,128],[93.358,88],[179.963,138]],"o":[[179.963,178],[93.358,128],[93.358,88],[179.963,138]],"v":[[179.963,178],[93.358,128],[93.358,88],[179.963,138]],"c":true}]},{"t":30,"s":[{"i":[[179.95,178],[145.338,158],[145.338,118],[179.95,138]],"o":[[179.95,178],[145.338,158],[145.338,118],[179.95,138]],"v":[[179.95,178],[145.338,158],[145.338,118],[179.95,138]],"c":true}]}],"ix":2},"nm":"Path 1","mn":"ADBE Vector Shape - Group","hd":false,"_render":true},{"ty":"st","c":{"a":0,"k":[0.3647,0.4392,0.9451,1],"ix":3},"o":{"a":0,"k":100,"ix":4},"w":{"a":0,"k":4,"ix":5},"lc":2,"lj":2,"bm":0,"nm":"Stroke 1","mn":"ADBE Vector Graphic - Stroke","hd":false,"_render":true},{"ty":"fl","c":{"a":0,"k":[1,1,1,1],"ix":4},"o":{"a":0,"k":100,"ix":5},"r":1,"bm":0,"nm":"Fill 1","mn":"ADBE Vector Graphic - Fill","hd":false,"_render":true},{"ty":"tr","p":{"a":0,"k":[0,0],"ix":2},"a":{"a":0,"k":[0,0],"ix":1},"s":{"a":0,"k":[100,100],"ix":3},"r":{"a":0,"k":0,"ix":6},"o":{"a":0,"k":100,"ix":7},"sk":{"a":0,"k":0,"ix":4},"sa":{"a":0,"k":0,"ix":5},"nm":"Transform","_render":true}],"nm":"Group 1","np":3,"cix":2,"bm":0,"ix":1,"mn":"ADBE Vector Group","hd":false,"_render":true},{"ty":"gr","it":[{"ind":0,"ty":"sh","ix":1,"ks":{"a":1,"k":[{"i":{"x":0.2,"y":1},"o":{"x":0.8,"y":0},"t":0,"s":[{"i":[[162.644,127.999],[128.003,148],[128.003,108],[162.644,88]],"o":[[162.644,127.999],[128.003,148],[128.003,108],[162.644,88]],"v":[[162.644,127.999],[128.003,148],[128.003,108],[162.644,88]],"c":true}]},{"i":{"x":0.2,"y":1},"o":{"x":0.8,"y":0},"t":15,"s":[{"i":[[214.604,158],[179.963,178],[179.963,138],[214.604,118]],"o":[[214.604,158],[179.963,178],[179.963,138],[214.604,118]],"v":[[214.604,158],[179.963,178],[179.963,138],[214.604,118]],"c":true}]},{"t":30,"s":[{"i":[[214.591,158],[179.95,178],[179.95,138],[214.591,118]],"o":[[214.591,158],[179.95,178],[179.95,138],[214.591,118]],"v":[[214.591,158],[179.95,178],[179.95,138],[214.591,118]],"c":true}]}],"ix":2},"nm":"Path 1","mn":"ADBE Vector Shape - Group","hd":false,"_render":true},{"ty":"st","c":{"a":0,"k":[0.3647,0.4392,0.9451,1],"ix":3},"o":{"a":0,"k":100,"ix":4},"w":{"a":0,"k":4,"ix":5},"lc":2,"lj":2,"bm":0,"nm":"Stroke 1","mn":"ADBE Vector Graphic - Stroke","hd":false,"_render":true},{"ty":"fl","c":{"a":0,"k":[1,1,1,1],"ix":4},"o":{"a":0,"k":100,"ix":5},"r":1,"bm":0,"nm":"Fill 1","mn":"ADBE Vector Graphic - Fill","hd":false,"_render":true},{"ty":"tr","p":{"a":0,"k":[0,0],"ix":2},"a":{"a":0,"k":[0,0],"ix":1},"s":{"a":0,"k":[100,100],"ix":3},"r":{"a":0,"k":0,"ix":6},"o":{"a":0,"k":100,"ix":7},"sk":{"a":0,"k":0,"ix":4},"sa":{"a":0,"k":0,"ix":5},"nm":"Transform","_render":true}],"nm":"Group 2","np":3,"cix":2,"bm":0,"ix":2,"mn":"ADBE Vector Group","hd":false,"_render":true},{"ty":"gr","it":[{"ind":0,"ty":"sh","ix":1,"ks":{"a":1,"k":[{"i":{"x":0.2,"y":1},"o":{"x":0.8,"y":0},"t":0,"s":[{"i":[[128.003,108],[93.362,87.999],[128.003,68],[162.644,88]],"o":[[128.003,108],[93.362,87.999],[128.003,68],[162.644,88]],"v":[[128.003,108],[93.362,87.999],[128.003,68],[162.644,88]],"c":true}]},{"i":{"x":0.2,"y":1},"o":{"x":0.8,"y":0},"t":15,"s":[{"i":[[179.963,138],[93.358,88],[127.999,68],[214.604,118]],"o":[[179.963,138],[93.358,88],[127.999,68],[214.604,118]],"v":[[179.963,138],[93.358,88],[127.999,68],[214.604,118]],"c":true}]},{"t":30,"s":[{"i":[[179.95,138],[145.338,118],[179.979,98],[214.591,118]],"o":[[179.95,138],[145.338,118],[179.979,98],[214.591,118]],"v":[[179.95,138],[145.338,118],[179.979,98],[214.591,118]],"c":true}]}],"ix":2},"nm":"Path 1","mn":"ADBE Vector Shape - Group","hd":false,"_render":true},{"ty":"st","c":{"a":0,"k":[0.3647,0.4392,0.9451,1],"ix":3},"o":{"a":0,"k":100,"ix":4},"w":{"a":0,"k":4,"ix":5},"lc":2,"lj":2,"bm":0,"nm":"Stroke 1","mn":"ADBE Vector Graphic - Stroke","hd":false,"_render":true},{"ty":"fl","c":{"a":0,"k":[1,1,1,1],"ix":4},"o":{"a":0,"k":100,"ix":5},"r":1,"bm":0,"nm":"Fill 1","mn":"ADBE Vector Graphic - Fill","hd":false,"_render":true},{"ty":"tr","p":{"a":0,"k":[0,0],"ix":2},"a":{"a":0,"k":[0,0],"ix":1},"s":{"a":0,"k":[100,100],"ix":3},"r":{"a":0,"k":0,"ix":6},"o":{"a":0,"k":100,"ix":7},"sk":{"a":0,"k":0,"ix":4},"sa":{"a":0,"k":0,"ix":5},"nm":"Transform","_render":true}],"nm":"Group 3","np":3,"cix":2,"bm":0,"ix":3,"mn":"ADBE Vector Group","hd":false,"_render":true}],"ip":0,"op":30,"st":0,"bm":0,"completed":true},{"ddd":0,"ind":16,"ty":4,"nm":"Cube_t_2","sr":1,"ks":{"o":{"a":0,"k":100,"ix":11},"r":{"a":0,"k":0,"ix":10},"p":{"a":0,"k":[162.641,148,0],"ix":2},"a":{"a":0,"k":[128,128,0],"ix":1},"s":{"a":0,"k":[100,100,100],"ix":6}},"ao":0,"shapes":[{"ty":"gr","it":[{"ind":0,"ty":"sh","ix":1,"ks":{"a":1,"k":[{"i":{"x":0.2,"y":1},"o":{"x":0.8,"y":0},"t":0,"s":[{"i":[[145.317,178],[110.676,158],[110.676,118],[145.317,138]],"o":[[145.317,178],[110.676,158],[110.676,118],[145.317,138]],"v":[[145.317,178],[110.676,158],[110.676,118],[145.317,138]],"c":true}]},{"i":{"x":0.2,"y":1},"o":{"x":0.8,"y":0},"t":15,"s":[{"i":[[145.329,178],[58.718,128],[58.718,88],[145.329,138]],"o":[[145.329,178],[58.718,128],[58.718,88],[145.329,138]],"v":[[145.329,178],[58.718,128],[58.718,88],[145.329,138]],"c":true}]},{"t":30,"s":[{"i":[[93.343,148],[58.717,128],[58.717,88],[93.343,108]],"o":[[93.343,148],[58.717,128],[58.717,88],[93.343,108]],"v":[[93.343,148],[58.717,128],[58.717,88],[93.343,108]],"c":true}]}],"ix":2},"nm":"Path 1","mn":"ADBE Vector Shape - Group","hd":false,"_render":true},{"ty":"st","c":{"a":0,"k":[0.3647,0.4392,0.9451,1],"ix":3},"o":{"a":0,"k":100,"ix":4},"w":{"a":0,"k":4,"ix":5},"lc":2,"lj":2,"bm":0,"nm":"Stroke 1","mn":"ADBE Vector Graphic - Stroke","hd":false,"_render":true},{"ty":"fl","c":{"a":0,"k":[1,1,1,1],"ix":4},"o":{"a":0,"k":100,"ix":5},"r":1,"bm":0,"nm":"Fill 1","mn":"ADBE Vector Graphic - Fill","hd":false,"_render":true},{"ty":"tr","p":{"a":0,"k":[0,0],"ix":2},"a":{"a":0,"k":[0,0],"ix":1},"s":{"a":0,"k":[100,100],"ix":3},"r":{"a":0,"k":0,"ix":6},"o":{"a":0,"k":100,"ix":7},"sk":{"a":0,"k":0,"ix":4},"sa":{"a":0,"k":0,"ix":5},"nm":"Transform","_render":true}],"nm":"Group 1","np":3,"cix":2,"bm":0,"ix":1,"mn":"ADBE Vector Group","hd":false,"_render":true},{"ty":"gr","it":[{"ind":0,"ty":"sh","ix":1,"ks":{"a":1,"k":[{"i":{"x":0.2,"y":1},"o":{"x":0.8,"y":0},"t":0,"s":[{"i":[[179.958,158],[145.317,178],[145.317,138],[179.958,118]],"o":[[179.958,158],[145.317,178],[145.317,138],[179.958,118]],"v":[[179.958,158],[145.317,178],[145.317,138],[179.958,118]],"c":true}]},{"i":{"x":0.2,"y":1},"o":{"x":0.8,"y":0},"t":15,"s":[{"i":[[179.97,158],[145.329,178],[145.329,138],[179.97,118]],"o":[[179.97,158],[145.329,178],[145.329,138],[179.97,118]],"v":[[179.97,158],[145.329,178],[145.329,138],[179.97,118]],"c":true}]},{"t":30,"s":[{"i":[[127.984,128],[93.343,148],[93.343,108],[127.984,88]],"o":[[127.984,128],[93.343,148],[93.343,108],[127.984,88]],"v":[[127.984,128],[93.343,148],[93.343,108],[127.984,88]],"c":true}]}],"ix":2},"nm":"Path 1","mn":"ADBE Vector Shape - Group","hd":false,"_render":true},{"ty":"st","c":{"a":0,"k":[0.3647,0.4392,0.9451,1],"ix":3},"o":{"a":0,"k":100,"ix":4},"w":{"a":0,"k":4,"ix":5},"lc":2,"lj":2,"bm":0,"nm":"Stroke 1","mn":"ADBE Vector Graphic - Stroke","hd":false,"_render":true},{"ty":"fl","c":{"a":0,"k":[1,1,1,1],"ix":4},"o":{"a":0,"k":100,"ix":5},"r":1,"bm":0,"nm":"Fill 1","mn":"ADBE Vector Graphic - Fill","hd":false,"_render":true},{"ty":"tr","p":{"a":0,"k":[0,0],"ix":2},"a":{"a":0,"k":[0,0],"ix":1},"s":{"a":0,"k":[100,100],"ix":3},"r":{"a":0,"k":0,"ix":6},"o":{"a":0,"k":100,"ix":7},"sk":{"a":0,"k":0,"ix":4},"sa":{"a":0,"k":0,"ix":5},"nm":"Transform","_render":true}],"nm":"Group 2","np":3,"cix":2,"bm":0,"ix":2,"mn":"ADBE Vector Group","hd":false,"_render":true},{"ty":"gr","it":[{"ind":0,"ty":"sh","ix":1,"ks":{"a":1,"k":[{"i":{"x":0.2,"y":1},"o":{"x":0.8,"y":0},"t":0,"s":[{"i":[[145.317,138],[110.676,118],[145.317,98],[179.958,118]],"o":[[145.317,138],[110.676,118],[145.317,98],[179.958,118]],"v":[[145.317,138],[110.676,118],[145.317,98],[179.958,118]],"c":true}]},{"i":{"x":0.2,"y":1},"o":{"x":0.8,"y":0},"t":15,"s":[{"i":[[145.329,138],[58.718,88],[93.359,68],[179.97,118]],"o":[[145.329,138],[58.718,88],[93.359,68],[179.97,118]],"v":[[145.329,138],[58.718,88],[93.359,68],[179.97,118]],"c":true}]},{"t":30,"s":[{"i":[[93.343,108],[58.718,88],[93.359,68],[127.984,88]],"o":[[93.343,108],[58.718,88],[93.359,68],[127.984,88]],"v":[[93.343,108],[58.718,88],[93.359,68],[127.984,88]],"c":true}]}],"ix":2},"nm":"Path 1","mn":"ADBE Vector Shape - Group","hd":false,"_render":true},{"ty":"st","c":{"a":0,"k":[0.3647,0.4392,0.9451,1],"ix":3},"o":{"a":0,"k":100,"ix":4},"w":{"a":0,"k":4,"ix":5},"lc":2,"lj":2,"bm":0,"nm":"Stroke 1","mn":"ADBE Vector Graphic - Stroke","hd":false,"_render":true},{"ty":"fl","c":{"a":0,"k":[1,1,1,1],"ix":4},"o":{"a":0,"k":100,"ix":5},"r":1,"bm":0,"nm":"Fill 1","mn":"ADBE Vector Graphic - Fill","hd":false,"_render":true},{"ty":"tr","p":{"a":0,"k":[0,0],"ix":2},"a":{"a":0,"k":[0,0],"ix":1},"s":{"a":0,"k":[100,100],"ix":3},"r":{"a":0,"k":0,"ix":6},"o":{"a":0,"k":100,"ix":7},"sk":{"a":0,"k":0,"ix":4},"sa":{"a":0,"k":0,"ix":5},"nm":"Transform","_render":true}],"nm":"Group 3","np":3,"cix":2,"bm":0,"ix":3,"mn":"ADBE Vector Group","hd":false,"_render":true}],"ip":0,"op":30,"st":0,"bm":0,"completed":true}],"markers":[],"__complete":true}